-- =============================================================================
-- 002_seed_grid.sql — real Mitra-9 master data
-- Run AFTER 002_grid_schema.sql
-- =============================================================================

-- Clean previous seeds so we can re-run idempotently
DELETE FROM forecast_cells;
DELETE FROM distributor_targets;
DELETE FROM distributor_yearly_targets;
DELETE FROM distributors;
DELETE FROM teams;
DELETE FROM regions;
DELETE FROM forecast_entries;
DELETE FROM annual_plan;
DELETE FROM profiles WHERE email LIKE '%@mitra-9.com';

-- Profiles
INSERT INTO profiles (id, email, full_name, role, sales_channel, sales_region) VALUES
  ('11111111-1111-1111-1111-aaaa00000001', 'todd@mitra-9.com', 'Todd Allison', 'manager', NULL, NULL),
  ('11111111-1111-1111-1111-aaaa00000002', 'albert@mitra-9.com', 'Albert Martinez', 'manager', NULL, NULL),
  ('11111111-1111-1111-1111-aaaa00000003', 'jr@mitra-9.com', 'JR Hernandez', 'manager', NULL, NULL),
  ('11111111-1111-1111-1111-aaaa00000004', 'steve@mitra-9.com', 'Steve Suarez', 'rep', 'Conventional', 'Florida'),
  ('11111111-1111-1111-1111-aaaa00000005', 'derrick@mitra-9.com', 'Derrick Schmitt', 'rep', 'Conventional', 'North'),
  ('11111111-1111-1111-1111-aaaa00000006', 'lexi@mitra-9.com', 'Lexi Palm', 'rep', 'Conventional', 'West'),
  ('11111111-1111-1111-1111-aaaa00000007', 'darrell@mitra-9.com', 'Darrell Bostick', 'rep', 'Conventional', 'East'),
  ('11111111-1111-1111-1111-aaaa00000008', 'steven@mitra-9.com', 'Steven V.', 'rep', 'Conventional', 'South'),
  ('11111111-1111-1111-1111-aaaa00000009', 'david@mitra-9.com', 'David Conley', 'rep', 'Conventional', 'Florida'),
  ('11111111-1111-1111-1111-aaaa0000000a', 'deborah@mitra-9.com', 'Deborah Cordero', 'rep', 'Conventional', 'Florida'),
  ('11111111-1111-1111-1111-aaaa0000000b', 'jack@mitra-9.com', 'Jack Chanthaphoumy', 'rep', 'Conventional', 'Florida'),
  ('11111111-1111-1111-1111-aaaa0000000c', 'tony@mitra-9.com', 'Tony Kemper', 'rep', 'Conventional', 'Florida'),
  ('11111111-1111-1111-1111-aaaa0000000d', 'patrick@mitra-9.com', 'Patrick Graham', 'rep', 'Conventional', 'North'),
  ('11111111-1111-1111-1111-aaaa0000000e', 'jj@mitra-9.com', 'JJ Elton', 'rep', 'Conventional', 'North'),
  ('11111111-1111-1111-1111-aaaa0000000f', 'jesse@mitra-9.com', 'Jesse Laporte', 'rep', 'Conventional', 'North'),
  ('11111111-1111-1111-1111-aaaa00000010', 'jill@mitra-9.com', 'Jill Wheatley', 'rep', 'Conventional', 'North'),
  ('11111111-1111-1111-1111-aaaa00000011', 'jerry@mitra-9.com', 'Jerry Santos', 'rep', 'Conventional', 'West'),
  ('11111111-1111-1111-1111-aaaa00000012', 'andrew@mitra-9.com', 'Andrew Axelbrand', 'rep', 'Conventional', 'West'),
  ('11111111-1111-1111-1111-aaaa00000013', 'cody@mitra-9.com', 'Cody Lei', 'rep', 'Conventional', 'East'),
  ('11111111-1111-1111-1111-aaaa00000014', 'jason@mitra-9.com', 'Jason Bush', 'rep', 'Conventional', 'East'),
  ('11111111-1111-1111-1111-aaaa00000015', 'richard@mitra-9.com', 'Richard Gresio', 'rep', 'Conventional', 'East'),
  ('11111111-1111-1111-1111-aaaa00000016', 'bryan@mitra-9.com', 'Bryan Gibson', 'rep', 'Conventional', 'South'),
  ('11111111-1111-1111-1111-aaaa00000017', 'karli@mitra-9.com', 'Karli Vasquez', 'rep', 'Inbound', NULL),
  ('11111111-1111-1111-1111-aaaa00000018', 'alissa@mitra-9.com', 'Alissa Shupperd', 'rep', 'Inbound', NULL),
  ('11111111-1111-1111-1111-aaaa00000019', 'sam@mitra-9.com', 'Sam Tipton', 'rep', 'Inbound', NULL),
  ('11111111-1111-1111-1111-aaaa0000001a', 'evan@mitra-9.com', 'Evan Beard', 'rep', 'New Distribution', NULL),
  ('11111111-1111-1111-1111-aaaa0000001b', 'noah@mitra-9.com', 'Noah Smith', 'rep', 'Wholesale', NULL),
  ('11111111-1111-1111-1111-aaaa0000001c', 'daniel@mitra-9.com', 'Daniel Galbraith', 'rep', 'Wholesale', NULL),
  ('11111111-1111-1111-1111-aaaa0000001d', 'joe@mitra-9.com', 'Joe Sanders', 'rep', 'Chains', NULL),
  ('11111111-1111-1111-1111-aaaa0000001e', 'emily@mitra-9.com', 'Emily Hill', 'viewer', NULL, NULL);

-- Regions
INSERT INTO regions (id, name, channel, lead_rep_id, sort_order) VALUES
  ('11111111-1111-1111-1111-bbbb00000001', 'Florida', 'Conventional', '11111111-1111-1111-1111-aaaa00000004', 1),
  ('11111111-1111-1111-1111-bbbb00000002', 'North', 'Conventional', '11111111-1111-1111-1111-aaaa00000005', 2),
  ('11111111-1111-1111-1111-bbbb00000003', 'West', 'Conventional', '11111111-1111-1111-1111-aaaa00000006', 3),
  ('11111111-1111-1111-1111-bbbb00000004', 'East', 'Conventional', '11111111-1111-1111-1111-aaaa00000007', 4),
  ('11111111-1111-1111-1111-bbbb00000005', 'South', 'Conventional', '11111111-1111-1111-1111-aaaa00000008', 5);

-- Teams
INSERT INTO teams (id, name, channel, region_id, lead_rep_id, sort_order) VALUES
  ('11111111-1111-1111-1111-cccc00000001', 'Florida Team', 'Conventional', '11111111-1111-1111-1111-bbbb00000001', '11111111-1111-1111-1111-aaaa00000004', 1),
  ('11111111-1111-1111-1111-cccc00000002', 'North Team', 'Conventional', '11111111-1111-1111-1111-bbbb00000002', '11111111-1111-1111-1111-aaaa00000005', 2),
  ('11111111-1111-1111-1111-cccc00000003', 'West Team', 'Conventional', '11111111-1111-1111-1111-bbbb00000003', '11111111-1111-1111-1111-aaaa00000006', 3),
  ('11111111-1111-1111-1111-cccc00000004', 'East Team', 'Conventional', '11111111-1111-1111-1111-bbbb00000004', '11111111-1111-1111-1111-aaaa00000007', 4),
  ('11111111-1111-1111-1111-cccc00000005', 'South Team', 'Conventional', '11111111-1111-1111-1111-bbbb00000005', '11111111-1111-1111-1111-aaaa00000008', 5),
  ('11111111-1111-1111-1111-cccc00000006', 'Inbound Team', 'Inbound', NULL, '11111111-1111-1111-1111-aaaa00000017', 6),
  ('11111111-1111-1111-1111-cccc00000007', 'New Distribution Team', 'New Distribution', NULL, '11111111-1111-1111-1111-aaaa0000001a', 7),
  ('11111111-1111-1111-1111-cccc00000008', 'Wholesale Team', 'Wholesale', NULL, '11111111-1111-1111-1111-aaaa0000001b', 8),
  ('11111111-1111-1111-1111-cccc00000009', 'Chains Team', 'Chains', NULL, '11111111-1111-1111-1111-aaaa0000001d', 9);

-- Distributors
INSERT INTO distributors (id, name, lead_name, channel, region_id, team_id, owner_rep_id, row_kind, sort_order) VALUES
  ('11111111-1111-1111-1111-dddd00000001', 'JJT Alternatives, LLC.', 'JJ Taylor', 'Conventional', '11111111-1111-1111-1111-bbbb00000001', '11111111-1111-1111-1111-cccc00000001', '11111111-1111-1111-1111-aaaa00000004', 'partner', 1),
  ('11111111-1111-1111-1111-dddd00000002', '4 Stories LLC', '4 stories LLC', 'Conventional', '11111111-1111-1111-1111-bbbb00000001', '11111111-1111-1111-1111-cccc00000001', '11111111-1111-1111-1111-aaaa00000004', 'partner', 2),
  ('11111111-1111-1111-1111-dddd00000003', 'Carroll Distributing Company (FL)', 'Carroll', 'Conventional', '11111111-1111-1111-1111-bbbb00000001', '11111111-1111-1111-1111-cccc00000001', '11111111-1111-1111-1111-aaaa00000004', 'partner', 3),
  ('11111111-1111-1111-1111-dddd00000004', 'Champion Brands', 'Champion', 'Conventional', '11111111-1111-1111-1111-bbbb00000001', '11111111-1111-1111-1111-cccc00000001', '11111111-1111-1111-1111-aaaa00000004', 'partner', 4),
  ('11111111-1111-1111-1111-dddd00000005', 'Briggs Distributing', 'Briggs', 'Conventional', '11111111-1111-1111-1111-bbbb00000002', '11111111-1111-1111-1111-cccc00000002', '11111111-1111-1111-1111-aaaa00000005', 'partner', 5),
  ('11111111-1111-1111-1111-dddd00000006', 'First Choice Food & Beverage Solutions', 'First Choice Food & Beverage Solutions / Global', 'Conventional', '11111111-1111-1111-1111-bbbb00000002', '11111111-1111-1111-1111-cccc00000002', '11111111-1111-1111-1111-aaaa00000005', 'partner', 6),
  ('11111111-1111-1111-1111-dddd00000007', 'Guardian Distributors', 'Guardian', 'Conventional', '11111111-1111-1111-1111-bbbb00000003', '11111111-1111-1111-1111-cccc00000003', '11111111-1111-1111-1111-aaaa00000006', 'partner', 7),
  ('11111111-1111-1111-1111-dddd00000008', 'Jerome Distributing- Bismarck', 'Jerome', 'Conventional', '11111111-1111-1111-1111-bbbb00000002', '11111111-1111-1111-1111-cccc00000002', '11111111-1111-1111-1111-aaaa00000005', 'partner', 8),
  ('11111111-1111-1111-1111-dddd00000009', 'Zuma and Sons Distributor Corp', 'Zuma /Damand', 'Conventional', '11111111-1111-1111-1111-bbbb00000001', '11111111-1111-1111-1111-cccc00000001', '11111111-1111-1111-1111-aaaa00000004', 'partner', 9),
  ('11111111-1111-1111-1111-dddd0000000a', 'Saccani Distributing', 'Saccani', 'Conventional', '11111111-1111-1111-1111-bbbb00000003', '11111111-1111-1111-1111-cccc00000003', '11111111-1111-1111-1111-aaaa00000006', 'partner', 10),
  ('11111111-1111-1111-1111-dddd0000000b', 'Beauchamp Distributing Co.', 'Beauchamp / Master', 'Conventional', '11111111-1111-1111-1111-bbbb00000003', '11111111-1111-1111-1111-cccc00000003', '11111111-1111-1111-1111-aaaa00000006', 'partner', 11),
  ('11111111-1111-1111-1111-dddd0000000c', 'Cone Distributing (Ocala Branch)', 'Cone', 'Conventional', '11111111-1111-1111-1111-bbbb00000001', '11111111-1111-1111-1111-cccc00000001', '11111111-1111-1111-1111-aaaa00000004', 'partner', 12),
  ('11111111-1111-1111-1111-dddd0000000d', 'SF Naturals', 'SF Naturals', 'Conventional', '11111111-1111-1111-1111-bbbb00000003', '11111111-1111-1111-1111-cccc00000003', '11111111-1111-1111-1111-aaaa00000006', 'partner', 13),
  ('11111111-1111-1111-1111-dddd0000000e', 'JAW''s Distributing', 'JAWS', 'Conventional', '11111111-1111-1111-1111-bbbb00000002', '11111111-1111-1111-1111-cccc00000002', '11111111-1111-1111-1111-aaaa00000005', 'partner', 14),
  ('11111111-1111-1111-1111-dddd0000000f', 'Stein Distributing', 'Stein', 'Conventional', '11111111-1111-1111-1111-bbbb00000002', '11111111-1111-1111-1111-cccc00000002', '11111111-1111-1111-1111-aaaa00000005', 'partner', 15),
  ('11111111-1111-1111-1111-dddd00000010', 'Grant Importing & Distributing', 'Grant Importing & Distributing', 'Conventional', '11111111-1111-1111-1111-bbbb00000002', '11111111-1111-1111-1111-cccc00000002', '11111111-1111-1111-1111-aaaa00000005', 'partner', 16),
  ('11111111-1111-1111-1111-dddd00000011', 'ACE Distributing', 'Ace', 'Conventional', '11111111-1111-1111-1111-bbbb00000004', '11111111-1111-1111-1111-cccc00000004', '11111111-1111-1111-1111-aaaa00000007', 'partner', 17),
  ('11111111-1111-1111-1111-dddd00000012', 'Magic City Beverage', 'Magic City', 'Conventional', '11111111-1111-1111-1111-bbbb00000002', '11111111-1111-1111-1111-cccc00000002', '11111111-1111-1111-1111-aaaa00000005', 'partner', 18),
  ('11111111-1111-1111-1111-dddd00000013', 'Humboldt Beer Distributors', 'Humbolt   ', 'Conventional', '11111111-1111-1111-1111-bbbb00000003', '11111111-1111-1111-1111-cccc00000003', '11111111-1111-1111-1111-aaaa00000006', 'partner', 19),
  ('11111111-1111-1111-1111-dddd00000014', 'Gasko-Meyer', 'Gasko', 'Conventional', '11111111-1111-1111-1111-bbbb00000004', '11111111-1111-1111-1111-cccc00000004', '11111111-1111-1111-1111-aaaa00000007', 'partner', 20),
  ('11111111-1111-1111-1111-dddd00000015', 'Cask & Cork Distributing', 'Cask Cork', 'Conventional', '11111111-1111-1111-1111-bbbb00000002', '11111111-1111-1111-1111-cccc00000002', '11111111-1111-1111-1111-aaaa00000005', 'partner', 21),
  ('11111111-1111-1111-1111-dddd00000016', 'Gusto Distributing', 'Gusto', 'Conventional', '11111111-1111-1111-1111-bbbb00000002', '11111111-1111-1111-1111-cccc00000002', '11111111-1111-1111-1111-aaaa00000005', 'partner', 22),
  ('11111111-1111-1111-1111-dddd00000017', 'My Beverage Company', 'My Bev', 'Conventional', '11111111-1111-1111-1111-bbbb00000001', '11111111-1111-1111-1111-cccc00000001', '11111111-1111-1111-1111-aaaa00000004', 'partner', 23),
  ('11111111-1111-1111-1111-dddd00000018', 'Southern Horizon Logistics LLC - Charleston Branch', 'Southern Crown (Horizon)', 'Conventional', '11111111-1111-1111-1111-bbbb00000004', '11111111-1111-1111-1111-cccc00000004', '11111111-1111-1111-1111-aaaa00000007', 'partner', 24),
  ('11111111-1111-1111-1111-dddd00000019', 'LaGrange', 'LaGrange', 'Conventional', '11111111-1111-1111-1111-bbbb00000004', '11111111-1111-1111-1111-cccc00000004', '11111111-1111-1111-1111-aaaa00000007', 'partner', 25),
  ('11111111-1111-1111-1111-dddd0000001a', 'Atlanta Beverage Co - Selig', 'Atlanta Bev', 'Conventional', '11111111-1111-1111-1111-bbbb00000004', '11111111-1111-1111-1111-cccc00000004', '11111111-1111-1111-1111-aaaa00000007', 'partner', 26),
  ('11111111-1111-1111-1111-dddd0000001b', 'Leon Farmer & Company- Athens', 'Leon Farmar', 'Conventional', '11111111-1111-1111-1111-bbbb00000004', '11111111-1111-1111-1111-cccc00000004', '11111111-1111-1111-1111-aaaa00000007', 'partner', 27),
  ('11111111-1111-1111-1111-dddd0000001c', 'Eagle Rock Distributing Company - Georgia', 'Eagle Rock', 'Conventional', '11111111-1111-1111-1111-bbbb00000004', '11111111-1111-1111-1111-cccc00000004', '11111111-1111-1111-1111-aaaa00000007', 'partner', 28),
  ('11111111-1111-1111-1111-dddd0000001d', 'Daytona BUD', 'Daytona', 'Conventional', '11111111-1111-1111-1111-bbbb00000001', '11111111-1111-1111-1111-cccc00000001', '11111111-1111-1111-1111-aaaa00000004', 'partner', 29),
  ('11111111-1111-1111-1111-dddd0000001e', 'Fabiano Brothers- Bay City', 'Fabianos', 'Conventional', '11111111-1111-1111-1111-bbbb00000002', '11111111-1111-1111-1111-cccc00000002', '11111111-1111-1111-1111-aaaa00000005', 'partner', 30),
  ('11111111-1111-1111-1111-dddd0000001f', 'Wild East LLC', 'Wild East', 'Conventional', '11111111-1111-1111-1111-bbbb00000004', '11111111-1111-1111-1111-cccc00000004', '11111111-1111-1111-1111-aaaa00000007', 'partner', 31),
  ('11111111-1111-1111-1111-dddd00000020', 'Millennium', 'Millennium', 'Conventional', '11111111-1111-1111-1111-bbbb00000004', '11111111-1111-1111-1111-cccc00000004', '11111111-1111-1111-1111-aaaa00000007', 'partner', 32),
  ('11111111-1111-1111-1111-dddd00000021', 'Dynamo', 'Dynamo', 'Conventional', '11111111-1111-1111-1111-bbbb00000005', '11111111-1111-1111-1111-cccc00000005', '11111111-1111-1111-1111-aaaa00000008', 'partner', 33),
  ('11111111-1111-1111-1111-dddd00000022', 'City Beverage', 'City Beverage', 'Conventional', '11111111-1111-1111-1111-bbbb00000005', '11111111-1111-1111-1111-cccc00000005', '11111111-1111-1111-1111-aaaa00000008', 'partner', 34),
  ('11111111-1111-1111-1111-dddd00000023', 'Crawford Sales Company', 'Crawford Sales Company', 'Conventional', '11111111-1111-1111-1111-bbbb00000005', '11111111-1111-1111-1111-cccc00000005', '11111111-1111-1111-1111-aaaa00000008', 'partner', 35),
  ('11111111-1111-1111-1111-dddd00000024', 'O’Malley Beverage', 'O’Malley Beverage', 'Conventional', '11111111-1111-1111-1111-bbbb00000005', '11111111-1111-1111-1111-cccc00000005', '11111111-1111-1111-1111-aaaa00000008', 'partner', 36),
  ('11111111-1111-1111-1111-dddd00000025', 'House of Schwan', 'House of Schwan', 'Conventional', '11111111-1111-1111-1111-bbbb00000005', '11111111-1111-1111-1111-cccc00000005', '11111111-1111-1111-1111-aaaa00000008', 'partner', 37),
  ('11111111-1111-1111-1111-dddd00000026', 'Bibb Distributing', 'Bibb Distributing', 'Conventional', '11111111-1111-1111-1111-bbbb00000004', '11111111-1111-1111-1111-cccc00000004', '11111111-1111-1111-1111-aaaa00000007', 'partner', 38),
  ('11111111-1111-1111-1111-dddd00000027', 'Snowball Distribution', 'Snowball Distribution', 'Conventional', '11111111-1111-1111-1111-bbbb00000005', '11111111-1111-1111-1111-cccc00000005', '11111111-1111-1111-1111-aaaa00000008', 'partner', 39),
  ('11111111-1111-1111-1111-dddd00000028', 'Zipp Beverage', 'Zipp Beverage', 'Conventional', '11111111-1111-1111-1111-bbbb00000002', '11111111-1111-1111-1111-cccc00000002', '11111111-1111-1111-1111-aaaa00000005', 'partner', 40),
  ('11111111-1111-1111-1111-dddd00000029', 'Lipman', 'Lipman', 'Conventional', '11111111-1111-1111-1111-bbbb00000004', '11111111-1111-1111-1111-cccc00000004', '11111111-1111-1111-1111-aaaa00000007', 'partner', 41),
  ('11111111-1111-1111-1111-dddd0000002a', 'Other (Florida)', NULL, 'Conventional', '11111111-1111-1111-1111-bbbb00000001', '11111111-1111-1111-1111-cccc00000001', '11111111-1111-1111-1111-aaaa00000004', 'other', 900),
  ('11111111-1111-1111-1111-dddd0000002b', 'Other (North)', NULL, 'Conventional', '11111111-1111-1111-1111-bbbb00000002', '11111111-1111-1111-1111-cccc00000002', '11111111-1111-1111-1111-aaaa00000005', 'other', 901),
  ('11111111-1111-1111-1111-dddd0000002c', 'Other (West)', NULL, 'Conventional', '11111111-1111-1111-1111-bbbb00000003', '11111111-1111-1111-1111-cccc00000003', '11111111-1111-1111-1111-aaaa00000006', 'other', 902),
  ('11111111-1111-1111-1111-dddd0000002d', 'Other (East)', NULL, 'Conventional', '11111111-1111-1111-1111-bbbb00000004', '11111111-1111-1111-1111-cccc00000004', '11111111-1111-1111-1111-aaaa00000007', 'other', 903),
  ('11111111-1111-1111-1111-dddd0000002e', 'Other (South)', NULL, 'Conventional', '11111111-1111-1111-1111-bbbb00000005', '11111111-1111-1111-1111-cccc00000005', '11111111-1111-1111-1111-aaaa00000008', 'other', 904),
  ('11111111-1111-1111-1111-dddd0000002f', 'Karli Vasquez', 'Karli Vasquez', 'Inbound', NULL, '11111111-1111-1111-1111-cccc00000006', '11111111-1111-1111-1111-aaaa00000017', 'partner', 47),
  ('11111111-1111-1111-1111-dddd00000030', 'Alissa Shupperd', 'Alissa Shupperd', 'Inbound', NULL, '11111111-1111-1111-1111-cccc00000006', '11111111-1111-1111-1111-aaaa00000018', 'partner', 48),
  ('11111111-1111-1111-1111-dddd00000031', 'Sam Tipton', 'Sam Tipton', 'Inbound', NULL, '11111111-1111-1111-1111-cccc00000006', '11111111-1111-1111-1111-aaaa00000019', 'partner', 49),
  ('11111111-1111-1111-1111-dddd00000032', 'Culture Wellness LLC - Orlando', NULL, 'New Distribution', NULL, '11111111-1111-1111-1111-cccc00000007', '11111111-1111-1111-1111-aaaa0000001a', 'partner', 50),
  ('11111111-1111-1111-1111-dddd00000033', 'Apotheca/Hookah Hookup', NULL, 'New Distribution', NULL, '11111111-1111-1111-1111-cccc00000007', '11111111-1111-1111-1111-aaaa0000001a', 'partner', 51),
  ('11111111-1111-1111-1111-dddd00000034', 'GLACIERS CENTER - YOHI', NULL, 'New Distribution', NULL, '11111111-1111-1111-1111-cccc00000007', '11111111-1111-1111-1111-aaaa0000001a', 'partner', 52),
  ('11111111-1111-1111-1111-dddd00000035', 'Herbal Equipment & Distribution', NULL, 'New Distribution', NULL, '11111111-1111-1111-1111-cccc00000007', '11111111-1111-1111-1111-aaaa0000001a', 'partner', 53),
  ('11111111-1111-1111-1111-dddd00000036', 'Vaporwize IL', NULL, 'New Distribution', NULL, '11111111-1111-1111-1111-cccc00000007', '11111111-1111-1111-1111-aaaa0000001a', 'partner', 54),
  ('11111111-1111-1111-1111-dddd00000037', 'CSO - Convenience Store Outfitters', NULL, 'Wholesale', NULL, '11111111-1111-1111-1111-cccc00000008', '11111111-1111-1111-1111-aaaa0000001b', 'partner', 55),
  ('11111111-1111-1111-1111-dddd00000038', 'G&S Wholesale', NULL, 'Wholesale', NULL, '11111111-1111-1111-1111-cccc00000008', '11111111-1111-1111-1111-aaaa0000001b', 'partner', 56),
  ('11111111-1111-1111-1111-dddd00000039', 'Maverick Brands', NULL, 'Wholesale', NULL, '11111111-1111-1111-1111-cccc00000008', '11111111-1111-1111-1111-aaaa0000001b', 'partner', 57),
  ('11111111-1111-1111-1111-dddd0000003a', 'Stallion Marketing', NULL, 'Wholesale', NULL, '11111111-1111-1111-1111-cccc00000008', '11111111-1111-1111-1111-aaaa0000001b', 'partner', 58),
  ('11111111-1111-1111-1111-dddd0000003b', 'Annbiz GA', NULL, 'Wholesale', NULL, '11111111-1111-1111-1111-cccc00000008', '11111111-1111-1111-1111-aaaa0000001b', 'partner', 59),
  ('11111111-1111-1111-1111-dddd0000003c', 'Kratom Roots Wholesale', NULL, 'Wholesale', NULL, '11111111-1111-1111-1111-cccc00000008', '11111111-1111-1111-1111-aaaa0000001b', 'partner', 60),
  ('11111111-1111-1111-1111-dddd0000003d', 'Apotheca/Hookah Hookup', NULL, 'Chains', NULL, '11111111-1111-1111-1111-cccc00000009', '11111111-1111-1111-1111-aaaa0000001d', 'partner', 61),
  ('11111111-1111-1111-1111-dddd0000003e', 'Cann-I-Help-Hemp Co', NULL, 'Chains', NULL, '11111111-1111-1111-1111-cccc00000009', '11111111-1111-1111-1111-aaaa0000001d', 'partner', 62),
  ('11111111-1111-1111-1111-dddd0000003f', 'Circle K #138', NULL, 'Chains', NULL, '11111111-1111-1111-1111-cccc00000009', '11111111-1111-1111-1111-aaaa0000001d', 'partner', 63),
  ('11111111-1111-1111-1111-dddd00000040', 'Clouds Over Knox', NULL, 'Chains', NULL, '11111111-1111-1111-1111-cccc00000009', '11111111-1111-1111-1111-aaaa0000001d', 'partner', 64),
  ('11111111-1111-1111-1111-dddd00000041', 'Herbal Equipment & Distribution', NULL, 'Chains', NULL, '11111111-1111-1111-1111-cccc00000009', '11111111-1111-1111-1111-aaaa0000001d', 'partner', 65),
  ('11111111-1111-1111-1111-dddd00000042', 'Other (Inbound)', NULL, 'Inbound', NULL, '11111111-1111-1111-1111-cccc00000006', '11111111-1111-1111-1111-aaaa00000017', 'other', 950),
  ('11111111-1111-1111-1111-dddd00000043', 'Other (New Distribution)', NULL, 'New Distribution', NULL, '11111111-1111-1111-1111-cccc00000007', '11111111-1111-1111-1111-aaaa0000001a', 'other', 950),
  ('11111111-1111-1111-1111-dddd00000044', 'Other (Wholesale)', NULL, 'Wholesale', NULL, '11111111-1111-1111-1111-cccc00000008', '11111111-1111-1111-1111-aaaa0000001b', 'other', 950),
  ('11111111-1111-1111-1111-dddd00000045', 'Other (Chains)', NULL, 'Chains', NULL, '11111111-1111-1111-1111-cccc00000009', '11111111-1111-1111-1111-aaaa0000001d', 'other', 950);

-- Yearly distributor estimates
INSERT INTO distributor_yearly_targets (distributor_id, fiscal_year, yearly_estimate) VALUES
  ('11111111-1111-1111-1111-dddd00000001', 2026, 3500000.0),
  ('11111111-1111-1111-1111-dddd00000002', 2026, 1800000.0),
  ('11111111-1111-1111-1111-dddd00000003', 2026, 1800000.0),
  ('11111111-1111-1111-1111-dddd00000004', 2026, 750000.0),
  ('11111111-1111-1111-1111-dddd00000005', 2026, 1900000.0),
  ('11111111-1111-1111-1111-dddd00000006', 2026, 400000.0),
  ('11111111-1111-1111-1111-dddd00000007', 2026, 650000.0),
  ('11111111-1111-1111-1111-dddd00000008', 2026, 500000.0),
  ('11111111-1111-1111-1111-dddd00000009', 2026, 650000.0),
  ('11111111-1111-1111-1111-dddd0000000a', 2026, 500000.0),
  ('11111111-1111-1111-1111-dddd0000000b', 2026, 500000.0),
  ('11111111-1111-1111-1111-dddd0000000c', 2026, 175000.0),
  ('11111111-1111-1111-1111-dddd0000000d', 2026, 600000.0),
  ('11111111-1111-1111-1111-dddd0000000e', 2026, 100000.0),
  ('11111111-1111-1111-1111-dddd0000000f', 2026, 150000.0),
  ('11111111-1111-1111-1111-dddd00000010', 2026, 400000.0),
  ('11111111-1111-1111-1111-dddd00000011', 2026, 200000.0),
  ('11111111-1111-1111-1111-dddd00000012', 2026, 100000.0),
  ('11111111-1111-1111-1111-dddd00000013', 2026, 250000.0),
  ('11111111-1111-1111-1111-dddd00000014', 2026, 200000.0),
  ('11111111-1111-1111-1111-dddd00000015', 2026, 100000.0),
  ('11111111-1111-1111-1111-dddd00000016', 2026, 150000.0),
  ('11111111-1111-1111-1111-dddd00000017', 2026, 300000.0),
  ('11111111-1111-1111-1111-dddd00000018', 2026, 750000.0),
  ('11111111-1111-1111-1111-dddd00000019', 2026, 100000.0),
  ('11111111-1111-1111-1111-dddd0000001a', 2026, 500000.0),
  ('11111111-1111-1111-1111-dddd0000001b', 2026, 250000.0),
  ('11111111-1111-1111-1111-dddd0000001c', 2026, 500000.0),
  ('11111111-1111-1111-1111-dddd0000001d', 2026, 300000.0),
  ('11111111-1111-1111-1111-dddd0000001e', 2026, 1000000.0),
  ('11111111-1111-1111-1111-dddd0000001f', 2026, 150000.0),
  ('11111111-1111-1111-1111-dddd00000020', 2026, 150000.0),
  ('11111111-1111-1111-1111-dddd00000021', 2026, 500000.0),
  ('11111111-1111-1111-1111-dddd00000022', 2026, 150000.0),
  ('11111111-1111-1111-1111-dddd00000023', 2026, 350000.0),
  ('11111111-1111-1111-1111-dddd00000024', 2026, 150000.0),
  ('11111111-1111-1111-1111-dddd00000025', 2026, 350000.0),
  ('11111111-1111-1111-1111-dddd00000026', 2026, 150000.0),
  ('11111111-1111-1111-1111-dddd00000027', 2026, 500000.0),
  ('11111111-1111-1111-1111-dddd00000028', 2026, 500000.0),
  ('11111111-1111-1111-1111-dddd00000029', 2026, 300000.0);

-- Monthly distributor targets
INSERT INTO distributor_targets (distributor_id, fiscal_year, month, target_revenue) VALUES
  ('11111111-1111-1111-1111-dddd00000001', 2026, 1, 167538.82),
  ('11111111-1111-1111-1111-dddd00000001', 2026, 2, 184702.77),
  ('11111111-1111-1111-1111-dddd00000001', 2026, 3, 181161.84),
  ('11111111-1111-1111-1111-dddd00000001', 2026, 4, 237214.63),
  ('11111111-1111-1111-1111-dddd00000001', 2026, 5, 270099.35),
  ('11111111-1111-1111-1111-dddd00000001', 2026, 6, 181989.47),
  ('11111111-1111-1111-1111-dddd00000001', 2026, 7, 350954.53),
  ('11111111-1111-1111-1111-dddd00000001', 2026, 8, 355603.51),
  ('11111111-1111-1111-1111-dddd00000001', 2026, 9, 396465.78),
  ('11111111-1111-1111-1111-dddd00000001', 2026, 10, 348027.82),
  ('11111111-1111-1111-1111-dddd00000001', 2026, 11, 560726.38),
  ('11111111-1111-1111-1111-dddd00000001', 2026, 12, 265515.08),
  ('11111111-1111-1111-1111-dddd00000002', 2026, 1, 86162.82),
  ('11111111-1111-1111-1111-dddd00000002', 2026, 2, 94990.0),
  ('11111111-1111-1111-1111-dddd00000002', 2026, 3, 93168.95),
  ('11111111-1111-1111-1111-dddd00000002', 2026, 4, 121996.1),
  ('11111111-1111-1111-1111-dddd00000002', 2026, 5, 138908.24),
  ('11111111-1111-1111-1111-dddd00000002', 2026, 6, 93594.59),
  ('11111111-1111-1111-1111-dddd00000002', 2026, 7, 180490.9),
  ('11111111-1111-1111-1111-dddd00000002', 2026, 8, 182881.8),
  ('11111111-1111-1111-1111-dddd00000002', 2026, 9, 203896.69),
  ('11111111-1111-1111-1111-dddd00000002', 2026, 10, 178985.74),
  ('11111111-1111-1111-1111-dddd00000002', 2026, 11, 288373.57),
  ('11111111-1111-1111-1111-dddd00000002', 2026, 12, 136550.61),
  ('11111111-1111-1111-1111-dddd00000003', 2026, 1, 86162.82),
  ('11111111-1111-1111-1111-dddd00000003', 2026, 2, 94990.0),
  ('11111111-1111-1111-1111-dddd00000003', 2026, 3, 93168.95),
  ('11111111-1111-1111-1111-dddd00000003', 2026, 4, 121996.1),
  ('11111111-1111-1111-1111-dddd00000003', 2026, 5, 138908.24),
  ('11111111-1111-1111-1111-dddd00000003', 2026, 6, 93594.59),
  ('11111111-1111-1111-1111-dddd00000003', 2026, 7, 180490.9),
  ('11111111-1111-1111-1111-dddd00000003', 2026, 8, 182881.8),
  ('11111111-1111-1111-1111-dddd00000003', 2026, 9, 203896.69),
  ('11111111-1111-1111-1111-dddd00000003', 2026, 10, 178985.74),
  ('11111111-1111-1111-1111-dddd00000003', 2026, 11, 288373.57),
  ('11111111-1111-1111-1111-dddd00000003', 2026, 12, 136550.61),
  ('11111111-1111-1111-1111-dddd00000004', 2026, 1, 35901.18),
  ('11111111-1111-1111-1111-dddd00000004', 2026, 2, 39579.17),
  ('11111111-1111-1111-1111-dddd00000004', 2026, 3, 38820.4),
  ('11111111-1111-1111-1111-dddd00000004', 2026, 4, 50831.71),
  ('11111111-1111-1111-1111-dddd00000004', 2026, 5, 57878.43),
  ('11111111-1111-1111-1111-dddd00000004', 2026, 6, 38997.74),
  ('11111111-1111-1111-1111-dddd00000004', 2026, 7, 75204.54),
  ('11111111-1111-1111-1111-dddd00000004', 2026, 8, 76200.75),
  ('11111111-1111-1111-1111-dddd00000004', 2026, 9, 84956.95),
  ('11111111-1111-1111-1111-dddd00000004', 2026, 10, 74577.39),
  ('11111111-1111-1111-1111-dddd00000004', 2026, 11, 120155.65),
  ('11111111-1111-1111-1111-dddd00000004', 2026, 12, 56896.09),
  ('11111111-1111-1111-1111-dddd00000005', 2026, 1, 90949.65),
  ('11111111-1111-1111-1111-dddd00000005', 2026, 2, 100267.22),
  ('11111111-1111-1111-1111-dddd00000005', 2026, 3, 98345.0),
  ('11111111-1111-1111-1111-dddd00000005', 2026, 4, 128773.66),
  ('11111111-1111-1111-1111-dddd00000005', 2026, 5, 146625.36),
  ('11111111-1111-1111-1111-dddd00000005', 2026, 6, 98794.28),
  ('11111111-1111-1111-1111-dddd00000005', 2026, 7, 190518.17),
  ('11111111-1111-1111-1111-dddd00000005', 2026, 8, 193041.9),
  ('11111111-1111-1111-1111-dddd00000005', 2026, 9, 215224.28),
  ('11111111-1111-1111-1111-dddd00000005', 2026, 10, 188929.39),
  ('11111111-1111-1111-1111-dddd00000005', 2026, 11, 304394.32),
  ('11111111-1111-1111-1111-dddd00000005', 2026, 12, 144136.76),
  ('11111111-1111-1111-1111-dddd00000006', 2026, 1, 19147.29),
  ('11111111-1111-1111-1111-dddd00000006', 2026, 2, 21108.89),
  ('11111111-1111-1111-1111-dddd00000006', 2026, 3, 20704.21),
  ('11111111-1111-1111-1111-dddd00000006', 2026, 4, 27110.24),
  ('11111111-1111-1111-1111-dddd00000006', 2026, 5, 30868.5),
  ('11111111-1111-1111-1111-dddd00000006', 2026, 6, 20798.8),
  ('11111111-1111-1111-1111-dddd00000006', 2026, 7, 40109.09),
  ('11111111-1111-1111-1111-dddd00000006', 2026, 8, 40640.4),
  ('11111111-1111-1111-1111-dddd00000006', 2026, 9, 45310.37),
  ('11111111-1111-1111-1111-dddd00000006', 2026, 10, 39774.61),
  ('11111111-1111-1111-1111-dddd00000006', 2026, 11, 64083.02),
  ('11111111-1111-1111-1111-dddd00000006', 2026, 12, 30344.58),
  ('11111111-1111-1111-1111-dddd00000007', 2026, 1, 31114.35),
  ('11111111-1111-1111-1111-dddd00000007', 2026, 2, 34301.94),
  ('11111111-1111-1111-1111-dddd00000007', 2026, 3, 33644.34),
  ('11111111-1111-1111-1111-dddd00000007', 2026, 4, 44054.15),
  ('11111111-1111-1111-1111-dddd00000007', 2026, 5, 50161.31),
  ('11111111-1111-1111-1111-dddd00000007', 2026, 6, 33798.04),
  ('11111111-1111-1111-1111-dddd00000007', 2026, 7, 65177.27),
  ('11111111-1111-1111-1111-dddd00000007', 2026, 8, 66040.65),
  ('11111111-1111-1111-1111-dddd00000007', 2026, 9, 73629.36),
  ('11111111-1111-1111-1111-dddd00000007', 2026, 10, 64633.74),
  ('11111111-1111-1111-1111-dddd00000007', 2026, 11, 104134.9),
  ('11111111-1111-1111-1111-dddd00000007', 2026, 12, 49309.94),
  ('11111111-1111-1111-1111-dddd00000008', 2026, 1, 23934.12),
  ('11111111-1111-1111-1111-dddd00000008', 2026, 2, 26386.11),
  ('11111111-1111-1111-1111-dddd00000008', 2026, 3, 25880.26),
  ('11111111-1111-1111-1111-dddd00000008', 2026, 4, 33887.8),
  ('11111111-1111-1111-1111-dddd00000008', 2026, 5, 38585.62),
  ('11111111-1111-1111-1111-dddd00000008', 2026, 6, 25998.5),
  ('11111111-1111-1111-1111-dddd00000008', 2026, 7, 50136.36),
  ('11111111-1111-1111-1111-dddd00000008', 2026, 8, 50800.5),
  ('11111111-1111-1111-1111-dddd00000008', 2026, 9, 56637.97),
  ('11111111-1111-1111-1111-dddd00000008', 2026, 10, 49718.26),
  ('11111111-1111-1111-1111-dddd00000008', 2026, 11, 80103.77),
  ('11111111-1111-1111-1111-dddd00000008', 2026, 12, 37930.73),
  ('11111111-1111-1111-1111-dddd00000009', 2026, 1, 31114.35),
  ('11111111-1111-1111-1111-dddd00000009', 2026, 2, 34301.94),
  ('11111111-1111-1111-1111-dddd00000009', 2026, 3, 33644.34),
  ('11111111-1111-1111-1111-dddd00000009', 2026, 4, 44054.15),
  ('11111111-1111-1111-1111-dddd00000009', 2026, 5, 50161.31),
  ('11111111-1111-1111-1111-dddd00000009', 2026, 6, 33798.04),
  ('11111111-1111-1111-1111-dddd00000009', 2026, 7, 65177.27),
  ('11111111-1111-1111-1111-dddd00000009', 2026, 8, 66040.65),
  ('11111111-1111-1111-1111-dddd00000009', 2026, 9, 73629.36),
  ('11111111-1111-1111-1111-dddd00000009', 2026, 10, 64633.74),
  ('11111111-1111-1111-1111-dddd00000009', 2026, 11, 104134.9),
  ('11111111-1111-1111-1111-dddd00000009', 2026, 12, 49309.94),
  ('11111111-1111-1111-1111-dddd0000000a', 2026, 1, 23934.12),
  ('11111111-1111-1111-1111-dddd0000000a', 2026, 2, 26386.11),
  ('11111111-1111-1111-1111-dddd0000000a', 2026, 3, 25880.26),
  ('11111111-1111-1111-1111-dddd0000000a', 2026, 4, 33887.8),
  ('11111111-1111-1111-1111-dddd0000000a', 2026, 5, 38585.62),
  ('11111111-1111-1111-1111-dddd0000000a', 2026, 6, 25998.5),
  ('11111111-1111-1111-1111-dddd0000000a', 2026, 7, 50136.36),
  ('11111111-1111-1111-1111-dddd0000000a', 2026, 8, 50800.5),
  ('11111111-1111-1111-1111-dddd0000000a', 2026, 9, 56637.97),
  ('11111111-1111-1111-1111-dddd0000000a', 2026, 10, 49718.26),
  ('11111111-1111-1111-1111-dddd0000000a', 2026, 11, 80103.77),
  ('11111111-1111-1111-1111-dddd0000000a', 2026, 12, 37930.73),
  ('11111111-1111-1111-1111-dddd0000000b', 2026, 1, 23934.12),
  ('11111111-1111-1111-1111-dddd0000000b', 2026, 2, 26386.11),
  ('11111111-1111-1111-1111-dddd0000000b', 2026, 3, 25880.26),
  ('11111111-1111-1111-1111-dddd0000000b', 2026, 4, 33887.8),
  ('11111111-1111-1111-1111-dddd0000000b', 2026, 5, 38585.62),
  ('11111111-1111-1111-1111-dddd0000000b', 2026, 6, 25998.5),
  ('11111111-1111-1111-1111-dddd0000000b', 2026, 7, 50136.36),
  ('11111111-1111-1111-1111-dddd0000000b', 2026, 8, 50800.5),
  ('11111111-1111-1111-1111-dddd0000000b', 2026, 9, 56637.97),
  ('11111111-1111-1111-1111-dddd0000000b', 2026, 10, 49718.26),
  ('11111111-1111-1111-1111-dddd0000000b', 2026, 11, 80103.77),
  ('11111111-1111-1111-1111-dddd0000000b', 2026, 12, 37930.73),
  ('11111111-1111-1111-1111-dddd0000000c', 2026, 1, 8376.94),
  ('11111111-1111-1111-1111-dddd0000000c', 2026, 2, 9235.14),
  ('11111111-1111-1111-1111-dddd0000000c', 2026, 3, 9058.09),
  ('11111111-1111-1111-1111-dddd0000000c', 2026, 4, 11860.73),
  ('11111111-1111-1111-1111-dddd0000000c', 2026, 5, 13504.97),
  ('11111111-1111-1111-1111-dddd0000000c', 2026, 6, 9099.47),
  ('11111111-1111-1111-1111-dddd0000000c', 2026, 7, 17547.73),
  ('11111111-1111-1111-1111-dddd0000000c', 2026, 8, 17780.18),
  ('11111111-1111-1111-1111-dddd0000000c', 2026, 9, 19823.29),
  ('11111111-1111-1111-1111-dddd0000000c', 2026, 10, 17401.39),
  ('11111111-1111-1111-1111-dddd0000000c', 2026, 11, 28036.32),
  ('11111111-1111-1111-1111-dddd0000000c', 2026, 12, 13275.75),
  ('11111111-1111-1111-1111-dddd0000000d', 2026, 1, 28720.94),
  ('11111111-1111-1111-1111-dddd0000000d', 2026, 2, 31663.33),
  ('11111111-1111-1111-1111-dddd0000000d', 2026, 3, 31056.32),
  ('11111111-1111-1111-1111-dddd0000000d', 2026, 4, 40665.37),
  ('11111111-1111-1111-1111-dddd0000000d', 2026, 5, 46302.75),
  ('11111111-1111-1111-1111-dddd0000000d', 2026, 6, 31198.2),
  ('11111111-1111-1111-1111-dddd0000000d', 2026, 7, 60163.63),
  ('11111111-1111-1111-1111-dddd0000000d', 2026, 8, 60960.6),
  ('11111111-1111-1111-1111-dddd0000000d', 2026, 9, 67965.56),
  ('11111111-1111-1111-1111-dddd0000000d', 2026, 10, 59661.91),
  ('11111111-1111-1111-1111-dddd0000000d', 2026, 11, 96124.52),
  ('11111111-1111-1111-1111-dddd0000000d', 2026, 12, 45516.87),
  ('11111111-1111-1111-1111-dddd0000000e', 2026, 1, 4786.82),
  ('11111111-1111-1111-1111-dddd0000000e', 2026, 2, 5277.22),
  ('11111111-1111-1111-1111-dddd0000000e', 2026, 3, 5176.05),
  ('11111111-1111-1111-1111-dddd0000000e', 2026, 4, 6777.56),
  ('11111111-1111-1111-1111-dddd0000000e', 2026, 5, 7717.12),
  ('11111111-1111-1111-1111-dddd0000000e', 2026, 6, 5199.7),
  ('11111111-1111-1111-1111-dddd0000000e', 2026, 7, 10027.27),
  ('11111111-1111-1111-1111-dddd0000000e', 2026, 8, 10160.1),
  ('11111111-1111-1111-1111-dddd0000000e', 2026, 9, 11327.59),
  ('11111111-1111-1111-1111-dddd0000000e', 2026, 10, 9943.65),
  ('11111111-1111-1111-1111-dddd0000000e', 2026, 11, 16020.75),
  ('11111111-1111-1111-1111-dddd0000000e', 2026, 12, 7586.15),
  ('11111111-1111-1111-1111-dddd0000000f', 2026, 1, 7180.24),
  ('11111111-1111-1111-1111-dddd0000000f', 2026, 2, 7915.83),
  ('11111111-1111-1111-1111-dddd0000000f', 2026, 3, 7764.08),
  ('11111111-1111-1111-1111-dddd0000000f', 2026, 4, 10166.34),
  ('11111111-1111-1111-1111-dddd0000000f', 2026, 5, 11575.69),
  ('11111111-1111-1111-1111-dddd0000000f', 2026, 6, 7799.55),
  ('11111111-1111-1111-1111-dddd0000000f', 2026, 7, 15040.91),
  ('11111111-1111-1111-1111-dddd0000000f', 2026, 8, 15240.15),
  ('11111111-1111-1111-1111-dddd0000000f', 2026, 9, 16991.39),
  ('11111111-1111-1111-1111-dddd0000000f', 2026, 10, 14915.48),
  ('11111111-1111-1111-1111-dddd0000000f', 2026, 11, 24031.13),
  ('11111111-1111-1111-1111-dddd0000000f', 2026, 12, 11379.22),
  ('11111111-1111-1111-1111-dddd00000010', 2026, 1, 19147.29),
  ('11111111-1111-1111-1111-dddd00000010', 2026, 2, 21108.89),
  ('11111111-1111-1111-1111-dddd00000010', 2026, 3, 20704.21),
  ('11111111-1111-1111-1111-dddd00000010', 2026, 4, 27110.24),
  ('11111111-1111-1111-1111-dddd00000010', 2026, 5, 30868.5),
  ('11111111-1111-1111-1111-dddd00000010', 2026, 6, 20798.8),
  ('11111111-1111-1111-1111-dddd00000010', 2026, 7, 40109.09),
  ('11111111-1111-1111-1111-dddd00000010', 2026, 8, 40640.4),
  ('11111111-1111-1111-1111-dddd00000010', 2026, 9, 45310.37),
  ('11111111-1111-1111-1111-dddd00000010', 2026, 10, 39774.61),
  ('11111111-1111-1111-1111-dddd00000010', 2026, 11, 64083.02),
  ('11111111-1111-1111-1111-dddd00000010', 2026, 12, 30344.58),
  ('11111111-1111-1111-1111-dddd00000011', 2026, 1, 9573.65),
  ('11111111-1111-1111-1111-dddd00000011', 2026, 2, 10554.44),
  ('11111111-1111-1111-1111-dddd00000011', 2026, 3, 10352.11),
  ('11111111-1111-1111-1111-dddd00000011', 2026, 4, 13555.12),
  ('11111111-1111-1111-1111-dddd00000011', 2026, 5, 15434.25),
  ('11111111-1111-1111-1111-dddd00000011', 2026, 6, 10399.4),
  ('11111111-1111-1111-1111-dddd00000011', 2026, 7, 20054.54),
  ('11111111-1111-1111-1111-dddd00000011', 2026, 8, 20320.2),
  ('11111111-1111-1111-1111-dddd00000011', 2026, 9, 22655.19),
  ('11111111-1111-1111-1111-dddd00000011', 2026, 10, 19887.3),
  ('11111111-1111-1111-1111-dddd00000011', 2026, 11, 32041.51),
  ('11111111-1111-1111-1111-dddd00000011', 2026, 12, 15172.29),
  ('11111111-1111-1111-1111-dddd00000012', 2026, 1, 4786.82),
  ('11111111-1111-1111-1111-dddd00000012', 2026, 2, 5277.22),
  ('11111111-1111-1111-1111-dddd00000012', 2026, 3, 5176.05),
  ('11111111-1111-1111-1111-dddd00000012', 2026, 4, 6777.56),
  ('11111111-1111-1111-1111-dddd00000012', 2026, 5, 7717.12),
  ('11111111-1111-1111-1111-dddd00000012', 2026, 6, 5199.7),
  ('11111111-1111-1111-1111-dddd00000012', 2026, 7, 10027.27),
  ('11111111-1111-1111-1111-dddd00000012', 2026, 8, 10160.1),
  ('11111111-1111-1111-1111-dddd00000012', 2026, 9, 11327.59),
  ('11111111-1111-1111-1111-dddd00000012', 2026, 10, 9943.65),
  ('11111111-1111-1111-1111-dddd00000012', 2026, 11, 16020.75),
  ('11111111-1111-1111-1111-dddd00000012', 2026, 12, 7586.15),
  ('11111111-1111-1111-1111-dddd00000013', 2026, 1, 11967.06),
  ('11111111-1111-1111-1111-dddd00000013', 2026, 2, 13193.06),
  ('11111111-1111-1111-1111-dddd00000013', 2026, 3, 12940.13),
  ('11111111-1111-1111-1111-dddd00000013', 2026, 4, 16943.9),
  ('11111111-1111-1111-1111-dddd00000013', 2026, 5, 19292.81),
  ('11111111-1111-1111-1111-dddd00000013', 2026, 6, 12999.25),
  ('11111111-1111-1111-1111-dddd00000013', 2026, 7, 25068.18),
  ('11111111-1111-1111-1111-dddd00000013', 2026, 8, 25400.25),
  ('11111111-1111-1111-1111-dddd00000013', 2026, 9, 28318.98),
  ('11111111-1111-1111-1111-dddd00000013', 2026, 10, 24859.13),
  ('11111111-1111-1111-1111-dddd00000013', 2026, 11, 40051.88),
  ('11111111-1111-1111-1111-dddd00000013', 2026, 12, 18965.36),
  ('11111111-1111-1111-1111-dddd00000014', 2026, 1, 9573.65),
  ('11111111-1111-1111-1111-dddd00000014', 2026, 2, 10554.44),
  ('11111111-1111-1111-1111-dddd00000014', 2026, 3, 10352.11),
  ('11111111-1111-1111-1111-dddd00000014', 2026, 4, 13555.12),
  ('11111111-1111-1111-1111-dddd00000014', 2026, 5, 15434.25),
  ('11111111-1111-1111-1111-dddd00000014', 2026, 6, 10399.4),
  ('11111111-1111-1111-1111-dddd00000014', 2026, 7, 20054.54),
  ('11111111-1111-1111-1111-dddd00000014', 2026, 8, 20320.2),
  ('11111111-1111-1111-1111-dddd00000014', 2026, 9, 22655.19),
  ('11111111-1111-1111-1111-dddd00000014', 2026, 10, 19887.3),
  ('11111111-1111-1111-1111-dddd00000014', 2026, 11, 32041.51),
  ('11111111-1111-1111-1111-dddd00000014', 2026, 12, 15172.29),
  ('11111111-1111-1111-1111-dddd00000015', 2026, 1, 4786.82),
  ('11111111-1111-1111-1111-dddd00000015', 2026, 2, 5277.22),
  ('11111111-1111-1111-1111-dddd00000015', 2026, 3, 5176.05),
  ('11111111-1111-1111-1111-dddd00000015', 2026, 4, 6777.56),
  ('11111111-1111-1111-1111-dddd00000015', 2026, 5, 7717.12),
  ('11111111-1111-1111-1111-dddd00000015', 2026, 6, 5199.7),
  ('11111111-1111-1111-1111-dddd00000015', 2026, 7, 10027.27),
  ('11111111-1111-1111-1111-dddd00000015', 2026, 8, 10160.1),
  ('11111111-1111-1111-1111-dddd00000015', 2026, 9, 11327.59),
  ('11111111-1111-1111-1111-dddd00000015', 2026, 10, 9943.65),
  ('11111111-1111-1111-1111-dddd00000015', 2026, 11, 16020.75),
  ('11111111-1111-1111-1111-dddd00000015', 2026, 12, 7586.15),
  ('11111111-1111-1111-1111-dddd00000016', 2026, 1, 7180.24),
  ('11111111-1111-1111-1111-dddd00000016', 2026, 2, 7915.83),
  ('11111111-1111-1111-1111-dddd00000016', 2026, 3, 7764.08),
  ('11111111-1111-1111-1111-dddd00000016', 2026, 4, 10166.34),
  ('11111111-1111-1111-1111-dddd00000016', 2026, 5, 11575.69),
  ('11111111-1111-1111-1111-dddd00000016', 2026, 6, 7799.55),
  ('11111111-1111-1111-1111-dddd00000016', 2026, 7, 15040.91),
  ('11111111-1111-1111-1111-dddd00000016', 2026, 8, 15240.15),
  ('11111111-1111-1111-1111-dddd00000016', 2026, 9, 16991.39),
  ('11111111-1111-1111-1111-dddd00000016', 2026, 10, 14915.48),
  ('11111111-1111-1111-1111-dddd00000016', 2026, 11, 24031.13),
  ('11111111-1111-1111-1111-dddd00000016', 2026, 12, 11379.22),
  ('11111111-1111-1111-1111-dddd00000017', 2026, 1, 14360.47),
  ('11111111-1111-1111-1111-dddd00000017', 2026, 2, 15831.67),
  ('11111111-1111-1111-1111-dddd00000017', 2026, 3, 15528.16),
  ('11111111-1111-1111-1111-dddd00000017', 2026, 4, 20332.68),
  ('11111111-1111-1111-1111-dddd00000017', 2026, 5, 23151.37),
  ('11111111-1111-1111-1111-dddd00000017', 2026, 6, 15599.1),
  ('11111111-1111-1111-1111-dddd00000017', 2026, 7, 30081.82),
  ('11111111-1111-1111-1111-dddd00000017', 2026, 8, 30480.3),
  ('11111111-1111-1111-1111-dddd00000017', 2026, 9, 33982.78),
  ('11111111-1111-1111-1111-dddd00000017', 2026, 10, 29830.96),
  ('11111111-1111-1111-1111-dddd00000017', 2026, 11, 48062.26),
  ('11111111-1111-1111-1111-dddd00000017', 2026, 12, 22758.44),
  ('11111111-1111-1111-1111-dddd00000018', 2026, 1, 35901.18),
  ('11111111-1111-1111-1111-dddd00000018', 2026, 2, 39579.17),
  ('11111111-1111-1111-1111-dddd00000018', 2026, 3, 38820.4),
  ('11111111-1111-1111-1111-dddd00000018', 2026, 4, 50831.71),
  ('11111111-1111-1111-1111-dddd00000018', 2026, 5, 57878.43),
  ('11111111-1111-1111-1111-dddd00000018', 2026, 6, 38997.74),
  ('11111111-1111-1111-1111-dddd00000018', 2026, 7, 75204.54),
  ('11111111-1111-1111-1111-dddd00000018', 2026, 8, 76200.75),
  ('11111111-1111-1111-1111-dddd00000018', 2026, 9, 84956.95),
  ('11111111-1111-1111-1111-dddd00000018', 2026, 10, 74577.39),
  ('11111111-1111-1111-1111-dddd00000018', 2026, 11, 120155.65),
  ('11111111-1111-1111-1111-dddd00000018', 2026, 12, 56896.09),
  ('11111111-1111-1111-1111-dddd00000019', 2026, 1, 4786.82),
  ('11111111-1111-1111-1111-dddd00000019', 2026, 2, 5277.22),
  ('11111111-1111-1111-1111-dddd00000019', 2026, 3, 5176.05),
  ('11111111-1111-1111-1111-dddd00000019', 2026, 4, 6777.56),
  ('11111111-1111-1111-1111-dddd00000019', 2026, 5, 7717.12),
  ('11111111-1111-1111-1111-dddd00000019', 2026, 6, 5199.7),
  ('11111111-1111-1111-1111-dddd00000019', 2026, 7, 10027.27),
  ('11111111-1111-1111-1111-dddd00000019', 2026, 8, 10160.1),
  ('11111111-1111-1111-1111-dddd00000019', 2026, 9, 11327.59),
  ('11111111-1111-1111-1111-dddd00000019', 2026, 10, 9943.65),
  ('11111111-1111-1111-1111-dddd00000019', 2026, 11, 16020.75),
  ('11111111-1111-1111-1111-dddd00000019', 2026, 12, 7586.15),
  ('11111111-1111-1111-1111-dddd0000001a', 2026, 1, 23934.12),
  ('11111111-1111-1111-1111-dddd0000001a', 2026, 2, 26386.11),
  ('11111111-1111-1111-1111-dddd0000001a', 2026, 3, 25880.26),
  ('11111111-1111-1111-1111-dddd0000001a', 2026, 4, 33887.8),
  ('11111111-1111-1111-1111-dddd0000001a', 2026, 5, 38585.62),
  ('11111111-1111-1111-1111-dddd0000001a', 2026, 6, 25998.5),
  ('11111111-1111-1111-1111-dddd0000001a', 2026, 7, 50136.36),
  ('11111111-1111-1111-1111-dddd0000001a', 2026, 8, 50800.5),
  ('11111111-1111-1111-1111-dddd0000001a', 2026, 9, 56637.97),
  ('11111111-1111-1111-1111-dddd0000001a', 2026, 10, 49718.26),
  ('11111111-1111-1111-1111-dddd0000001a', 2026, 11, 80103.77),
  ('11111111-1111-1111-1111-dddd0000001a', 2026, 12, 37930.73),
  ('11111111-1111-1111-1111-dddd0000001b', 2026, 1, 11967.06),
  ('11111111-1111-1111-1111-dddd0000001b', 2026, 2, 13193.06),
  ('11111111-1111-1111-1111-dddd0000001b', 2026, 3, 12940.13),
  ('11111111-1111-1111-1111-dddd0000001b', 2026, 4, 16943.9),
  ('11111111-1111-1111-1111-dddd0000001b', 2026, 5, 19292.81),
  ('11111111-1111-1111-1111-dddd0000001b', 2026, 6, 12999.25),
  ('11111111-1111-1111-1111-dddd0000001b', 2026, 7, 25068.18),
  ('11111111-1111-1111-1111-dddd0000001b', 2026, 8, 25400.25),
  ('11111111-1111-1111-1111-dddd0000001b', 2026, 9, 28318.98),
  ('11111111-1111-1111-1111-dddd0000001b', 2026, 10, 24859.13),
  ('11111111-1111-1111-1111-dddd0000001b', 2026, 11, 40051.88),
  ('11111111-1111-1111-1111-dddd0000001b', 2026, 12, 18965.36),
  ('11111111-1111-1111-1111-dddd0000001c', 2026, 1, 23934.12),
  ('11111111-1111-1111-1111-dddd0000001c', 2026, 2, 26386.11),
  ('11111111-1111-1111-1111-dddd0000001c', 2026, 3, 25880.26),
  ('11111111-1111-1111-1111-dddd0000001c', 2026, 4, 33887.8),
  ('11111111-1111-1111-1111-dddd0000001c', 2026, 5, 38585.62),
  ('11111111-1111-1111-1111-dddd0000001c', 2026, 6, 25998.5),
  ('11111111-1111-1111-1111-dddd0000001c', 2026, 7, 50136.36),
  ('11111111-1111-1111-1111-dddd0000001c', 2026, 8, 50800.5),
  ('11111111-1111-1111-1111-dddd0000001c', 2026, 9, 56637.97),
  ('11111111-1111-1111-1111-dddd0000001c', 2026, 10, 49718.26),
  ('11111111-1111-1111-1111-dddd0000001c', 2026, 11, 80103.77),
  ('11111111-1111-1111-1111-dddd0000001c', 2026, 12, 37930.73),
  ('11111111-1111-1111-1111-dddd0000001d', 2026, 1, 14360.47),
  ('11111111-1111-1111-1111-dddd0000001d', 2026, 2, 15831.67),
  ('11111111-1111-1111-1111-dddd0000001d', 2026, 3, 15528.16),
  ('11111111-1111-1111-1111-dddd0000001d', 2026, 4, 20332.68),
  ('11111111-1111-1111-1111-dddd0000001d', 2026, 5, 23151.37),
  ('11111111-1111-1111-1111-dddd0000001d', 2026, 6, 15599.1),
  ('11111111-1111-1111-1111-dddd0000001d', 2026, 7, 30081.82),
  ('11111111-1111-1111-1111-dddd0000001d', 2026, 8, 30480.3),
  ('11111111-1111-1111-1111-dddd0000001d', 2026, 9, 33982.78),
  ('11111111-1111-1111-1111-dddd0000001d', 2026, 10, 29830.96),
  ('11111111-1111-1111-1111-dddd0000001d', 2026, 11, 48062.26),
  ('11111111-1111-1111-1111-dddd0000001d', 2026, 12, 22758.44),
  ('11111111-1111-1111-1111-dddd0000001e', 2026, 1, 47868.24),
  ('11111111-1111-1111-1111-dddd0000001e', 2026, 2, 52772.22),
  ('11111111-1111-1111-1111-dddd0000001e', 2026, 3, 51760.53),
  ('11111111-1111-1111-1111-dddd0000001e', 2026, 4, 67775.61),
  ('11111111-1111-1111-1111-dddd0000001e', 2026, 5, 77171.24),
  ('11111111-1111-1111-1111-dddd0000001e', 2026, 6, 51996.99),
  ('11111111-1111-1111-1111-dddd0000001e', 2026, 7, 100272.72),
  ('11111111-1111-1111-1111-dddd0000001e', 2026, 8, 101601.0),
  ('11111111-1111-1111-1111-dddd0000001e', 2026, 9, 113275.94),
  ('11111111-1111-1111-1111-dddd0000001e', 2026, 10, 99436.52),
  ('11111111-1111-1111-1111-dddd0000001e', 2026, 11, 160207.54),
  ('11111111-1111-1111-1111-dddd0000001e', 2026, 12, 75861.45),
  ('11111111-1111-1111-1111-dddd0000001f', 2026, 1, 7180.24),
  ('11111111-1111-1111-1111-dddd0000001f', 2026, 2, 7915.83),
  ('11111111-1111-1111-1111-dddd0000001f', 2026, 3, 7764.08),
  ('11111111-1111-1111-1111-dddd0000001f', 2026, 4, 10166.34),
  ('11111111-1111-1111-1111-dddd0000001f', 2026, 5, 11575.69),
  ('11111111-1111-1111-1111-dddd0000001f', 2026, 6, 7799.55),
  ('11111111-1111-1111-1111-dddd0000001f', 2026, 7, 15040.91),
  ('11111111-1111-1111-1111-dddd0000001f', 2026, 8, 15240.15),
  ('11111111-1111-1111-1111-dddd0000001f', 2026, 9, 16991.39),
  ('11111111-1111-1111-1111-dddd0000001f', 2026, 10, 14915.48),
  ('11111111-1111-1111-1111-dddd0000001f', 2026, 11, 24031.13),
  ('11111111-1111-1111-1111-dddd0000001f', 2026, 12, 11379.22),
  ('11111111-1111-1111-1111-dddd00000020', 2026, 1, 7180.24),
  ('11111111-1111-1111-1111-dddd00000020', 2026, 2, 7915.83),
  ('11111111-1111-1111-1111-dddd00000020', 2026, 3, 7764.08),
  ('11111111-1111-1111-1111-dddd00000020', 2026, 4, 10166.34),
  ('11111111-1111-1111-1111-dddd00000020', 2026, 5, 11575.69),
  ('11111111-1111-1111-1111-dddd00000020', 2026, 6, 7799.55),
  ('11111111-1111-1111-1111-dddd00000020', 2026, 7, 15040.91),
  ('11111111-1111-1111-1111-dddd00000020', 2026, 8, 15240.15),
  ('11111111-1111-1111-1111-dddd00000020', 2026, 9, 16991.39),
  ('11111111-1111-1111-1111-dddd00000020', 2026, 10, 14915.48),
  ('11111111-1111-1111-1111-dddd00000020', 2026, 11, 24031.13),
  ('11111111-1111-1111-1111-dddd00000020', 2026, 12, 11379.22),
  ('11111111-1111-1111-1111-dddd00000021', 2026, 1, 23934.12),
  ('11111111-1111-1111-1111-dddd00000021', 2026, 2, 26386.11),
  ('11111111-1111-1111-1111-dddd00000021', 2026, 3, 25880.26),
  ('11111111-1111-1111-1111-dddd00000021', 2026, 4, 33887.8),
  ('11111111-1111-1111-1111-dddd00000021', 2026, 5, 38585.62),
  ('11111111-1111-1111-1111-dddd00000021', 2026, 6, 25998.5),
  ('11111111-1111-1111-1111-dddd00000021', 2026, 7, 50136.36),
  ('11111111-1111-1111-1111-dddd00000021', 2026, 8, 50800.5),
  ('11111111-1111-1111-1111-dddd00000021', 2026, 9, 56637.97),
  ('11111111-1111-1111-1111-dddd00000021', 2026, 10, 49718.26),
  ('11111111-1111-1111-1111-dddd00000021', 2026, 11, 80103.77),
  ('11111111-1111-1111-1111-dddd00000021', 2026, 12, 37930.73),
  ('11111111-1111-1111-1111-dddd00000022', 2026, 1, 7180.24),
  ('11111111-1111-1111-1111-dddd00000022', 2026, 2, 7915.83),
  ('11111111-1111-1111-1111-dddd00000022', 2026, 3, 7764.08),
  ('11111111-1111-1111-1111-dddd00000022', 2026, 4, 10166.34),
  ('11111111-1111-1111-1111-dddd00000022', 2026, 5, 11575.69),
  ('11111111-1111-1111-1111-dddd00000022', 2026, 6, 7799.55),
  ('11111111-1111-1111-1111-dddd00000022', 2026, 7, 15040.91),
  ('11111111-1111-1111-1111-dddd00000022', 2026, 8, 15240.15),
  ('11111111-1111-1111-1111-dddd00000022', 2026, 9, 16991.39),
  ('11111111-1111-1111-1111-dddd00000022', 2026, 10, 14915.48),
  ('11111111-1111-1111-1111-dddd00000022', 2026, 11, 24031.13),
  ('11111111-1111-1111-1111-dddd00000022', 2026, 12, 11379.22),
  ('11111111-1111-1111-1111-dddd00000023', 2026, 1, 16753.88),
  ('11111111-1111-1111-1111-dddd00000023', 2026, 2, 18470.28),
  ('11111111-1111-1111-1111-dddd00000023', 2026, 3, 18116.18),
  ('11111111-1111-1111-1111-dddd00000023', 2026, 4, 23721.46),
  ('11111111-1111-1111-1111-dddd00000023', 2026, 5, 27009.94),
  ('11111111-1111-1111-1111-dddd00000023', 2026, 6, 18198.95),
  ('11111111-1111-1111-1111-dddd00000023', 2026, 7, 35095.45),
  ('11111111-1111-1111-1111-dddd00000023', 2026, 8, 35560.35),
  ('11111111-1111-1111-1111-dddd00000023', 2026, 9, 39646.58),
  ('11111111-1111-1111-1111-dddd00000023', 2026, 10, 34802.78),
  ('11111111-1111-1111-1111-dddd00000023', 2026, 11, 56072.64),
  ('11111111-1111-1111-1111-dddd00000023', 2026, 12, 26551.51),
  ('11111111-1111-1111-1111-dddd00000024', 2026, 1, 7180.24),
  ('11111111-1111-1111-1111-dddd00000024', 2026, 2, 7915.83),
  ('11111111-1111-1111-1111-dddd00000024', 2026, 3, 7764.08),
  ('11111111-1111-1111-1111-dddd00000024', 2026, 4, 10166.34),
  ('11111111-1111-1111-1111-dddd00000024', 2026, 5, 11575.69),
  ('11111111-1111-1111-1111-dddd00000024', 2026, 6, 7799.55),
  ('11111111-1111-1111-1111-dddd00000024', 2026, 7, 15040.91),
  ('11111111-1111-1111-1111-dddd00000024', 2026, 8, 15240.15),
  ('11111111-1111-1111-1111-dddd00000024', 2026, 9, 16991.39),
  ('11111111-1111-1111-1111-dddd00000024', 2026, 10, 14915.48),
  ('11111111-1111-1111-1111-dddd00000024', 2026, 11, 24031.13),
  ('11111111-1111-1111-1111-dddd00000024', 2026, 12, 11379.22),
  ('11111111-1111-1111-1111-dddd00000025', 2026, 1, 16753.88),
  ('11111111-1111-1111-1111-dddd00000025', 2026, 2, 18470.28),
  ('11111111-1111-1111-1111-dddd00000025', 2026, 3, 18116.18),
  ('11111111-1111-1111-1111-dddd00000025', 2026, 4, 23721.46),
  ('11111111-1111-1111-1111-dddd00000025', 2026, 5, 27009.94),
  ('11111111-1111-1111-1111-dddd00000025', 2026, 6, 18198.95),
  ('11111111-1111-1111-1111-dddd00000025', 2026, 7, 35095.45),
  ('11111111-1111-1111-1111-dddd00000025', 2026, 8, 35560.35),
  ('11111111-1111-1111-1111-dddd00000025', 2026, 9, 39646.58),
  ('11111111-1111-1111-1111-dddd00000025', 2026, 10, 34802.78),
  ('11111111-1111-1111-1111-dddd00000025', 2026, 11, 56072.64),
  ('11111111-1111-1111-1111-dddd00000025', 2026, 12, 26551.51),
  ('11111111-1111-1111-1111-dddd00000026', 2026, 1, 7180.24),
  ('11111111-1111-1111-1111-dddd00000026', 2026, 2, 7915.83),
  ('11111111-1111-1111-1111-dddd00000026', 2026, 3, 7764.08),
  ('11111111-1111-1111-1111-dddd00000026', 2026, 4, 10166.34),
  ('11111111-1111-1111-1111-dddd00000026', 2026, 5, 11575.69),
  ('11111111-1111-1111-1111-dddd00000026', 2026, 6, 7799.55),
  ('11111111-1111-1111-1111-dddd00000026', 2026, 7, 15040.91),
  ('11111111-1111-1111-1111-dddd00000026', 2026, 8, 15240.15),
  ('11111111-1111-1111-1111-dddd00000026', 2026, 9, 16991.39),
  ('11111111-1111-1111-1111-dddd00000026', 2026, 10, 14915.48),
  ('11111111-1111-1111-1111-dddd00000026', 2026, 11, 24031.13),
  ('11111111-1111-1111-1111-dddd00000026', 2026, 12, 11379.22),
  ('11111111-1111-1111-1111-dddd00000027', 2026, 1, 23934.12),
  ('11111111-1111-1111-1111-dddd00000027', 2026, 2, 26386.11),
  ('11111111-1111-1111-1111-dddd00000027', 2026, 3, 25880.26),
  ('11111111-1111-1111-1111-dddd00000027', 2026, 4, 33887.8),
  ('11111111-1111-1111-1111-dddd00000027', 2026, 5, 38585.62),
  ('11111111-1111-1111-1111-dddd00000027', 2026, 6, 25998.5),
  ('11111111-1111-1111-1111-dddd00000027', 2026, 7, 50136.36),
  ('11111111-1111-1111-1111-dddd00000027', 2026, 8, 50800.5),
  ('11111111-1111-1111-1111-dddd00000027', 2026, 9, 56637.97),
  ('11111111-1111-1111-1111-dddd00000027', 2026, 10, 49718.26),
  ('11111111-1111-1111-1111-dddd00000027', 2026, 11, 80103.77),
  ('11111111-1111-1111-1111-dddd00000027', 2026, 12, 37930.73),
  ('11111111-1111-1111-1111-dddd00000028', 2026, 1, 23934.12),
  ('11111111-1111-1111-1111-dddd00000028', 2026, 2, 26386.11),
  ('11111111-1111-1111-1111-dddd00000028', 2026, 3, 25880.26),
  ('11111111-1111-1111-1111-dddd00000028', 2026, 4, 33887.8),
  ('11111111-1111-1111-1111-dddd00000028', 2026, 5, 38585.62),
  ('11111111-1111-1111-1111-dddd00000028', 2026, 6, 25998.5),
  ('11111111-1111-1111-1111-dddd00000028', 2026, 7, 50136.36),
  ('11111111-1111-1111-1111-dddd00000028', 2026, 8, 50800.5),
  ('11111111-1111-1111-1111-dddd00000028', 2026, 9, 56637.97),
  ('11111111-1111-1111-1111-dddd00000028', 2026, 10, 49718.26),
  ('11111111-1111-1111-1111-dddd00000028', 2026, 11, 80103.77),
  ('11111111-1111-1111-1111-dddd00000028', 2026, 12, 37930.73),
  ('11111111-1111-1111-1111-dddd00000029', 2026, 1, 14360.47),
  ('11111111-1111-1111-1111-dddd00000029', 2026, 2, 15831.67),
  ('11111111-1111-1111-1111-dddd00000029', 2026, 3, 15528.16),
  ('11111111-1111-1111-1111-dddd00000029', 2026, 4, 20332.68),
  ('11111111-1111-1111-1111-dddd00000029', 2026, 5, 23151.37),
  ('11111111-1111-1111-1111-dddd00000029', 2026, 6, 15599.1),
  ('11111111-1111-1111-1111-dddd00000029', 2026, 7, 30081.82),
  ('11111111-1111-1111-1111-dddd00000029', 2026, 8, 30480.3),
  ('11111111-1111-1111-1111-dddd00000029', 2026, 9, 33982.78),
  ('11111111-1111-1111-1111-dddd00000029', 2026, 10, 29830.96),
  ('11111111-1111-1111-1111-dddd00000029', 2026, 11, 48062.26),
  ('11111111-1111-1111-1111-dddd00000029', 2026, 12, 22758.44);

-- Initial forecast cells (= plan baseline; reps will reforecast forward months)
INSERT INTO forecast_cells (distributor_id, fiscal_year, month, forecasted_revenue) VALUES
  ('11111111-1111-1111-1111-dddd00000001', 2026, 1, 167538.82),
  ('11111111-1111-1111-1111-dddd00000001', 2026, 2, 184702.77),
  ('11111111-1111-1111-1111-dddd00000001', 2026, 3, 181161.84),
  ('11111111-1111-1111-1111-dddd00000001', 2026, 4, 237214.63),
  ('11111111-1111-1111-1111-dddd00000001', 2026, 5, 270099.35),
  ('11111111-1111-1111-1111-dddd00000001', 2026, 6, 181989.47),
  ('11111111-1111-1111-1111-dddd00000001', 2026, 7, 350954.53),
  ('11111111-1111-1111-1111-dddd00000001', 2026, 8, 355603.51),
  ('11111111-1111-1111-1111-dddd00000001', 2026, 9, 396465.78),
  ('11111111-1111-1111-1111-dddd00000001', 2026, 10, 348027.82),
  ('11111111-1111-1111-1111-dddd00000001', 2026, 11, 560726.38),
  ('11111111-1111-1111-1111-dddd00000001', 2026, 12, 265515.08),
  ('11111111-1111-1111-1111-dddd00000002', 2026, 1, 86162.82),
  ('11111111-1111-1111-1111-dddd00000002', 2026, 2, 94990.0),
  ('11111111-1111-1111-1111-dddd00000002', 2026, 3, 93168.95),
  ('11111111-1111-1111-1111-dddd00000002', 2026, 4, 121996.1),
  ('11111111-1111-1111-1111-dddd00000002', 2026, 5, 138908.24),
  ('11111111-1111-1111-1111-dddd00000002', 2026, 6, 93594.59),
  ('11111111-1111-1111-1111-dddd00000002', 2026, 7, 180490.9),
  ('11111111-1111-1111-1111-dddd00000002', 2026, 8, 182881.8),
  ('11111111-1111-1111-1111-dddd00000002', 2026, 9, 203896.69),
  ('11111111-1111-1111-1111-dddd00000002', 2026, 10, 178985.74),
  ('11111111-1111-1111-1111-dddd00000002', 2026, 11, 288373.57),
  ('11111111-1111-1111-1111-dddd00000002', 2026, 12, 136550.61),
  ('11111111-1111-1111-1111-dddd00000003', 2026, 1, 86162.82),
  ('11111111-1111-1111-1111-dddd00000003', 2026, 2, 94990.0),
  ('11111111-1111-1111-1111-dddd00000003', 2026, 3, 93168.95),
  ('11111111-1111-1111-1111-dddd00000003', 2026, 4, 121996.1),
  ('11111111-1111-1111-1111-dddd00000003', 2026, 5, 138908.24),
  ('11111111-1111-1111-1111-dddd00000003', 2026, 6, 93594.59),
  ('11111111-1111-1111-1111-dddd00000003', 2026, 7, 180490.9),
  ('11111111-1111-1111-1111-dddd00000003', 2026, 8, 182881.8),
  ('11111111-1111-1111-1111-dddd00000003', 2026, 9, 203896.69),
  ('11111111-1111-1111-1111-dddd00000003', 2026, 10, 178985.74),
  ('11111111-1111-1111-1111-dddd00000003', 2026, 11, 288373.57),
  ('11111111-1111-1111-1111-dddd00000003', 2026, 12, 136550.61),
  ('11111111-1111-1111-1111-dddd00000004', 2026, 1, 35901.18),
  ('11111111-1111-1111-1111-dddd00000004', 2026, 2, 39579.17),
  ('11111111-1111-1111-1111-dddd00000004', 2026, 3, 38820.4),
  ('11111111-1111-1111-1111-dddd00000004', 2026, 4, 50831.71),
  ('11111111-1111-1111-1111-dddd00000004', 2026, 5, 57878.43),
  ('11111111-1111-1111-1111-dddd00000004', 2026, 6, 38997.74),
  ('11111111-1111-1111-1111-dddd00000004', 2026, 7, 75204.54),
  ('11111111-1111-1111-1111-dddd00000004', 2026, 8, 76200.75),
  ('11111111-1111-1111-1111-dddd00000004', 2026, 9, 84956.95),
  ('11111111-1111-1111-1111-dddd00000004', 2026, 10, 74577.39),
  ('11111111-1111-1111-1111-dddd00000004', 2026, 11, 120155.65),
  ('11111111-1111-1111-1111-dddd00000004', 2026, 12, 56896.09),
  ('11111111-1111-1111-1111-dddd00000005', 2026, 1, 90949.65),
  ('11111111-1111-1111-1111-dddd00000005', 2026, 2, 100267.22),
  ('11111111-1111-1111-1111-dddd00000005', 2026, 3, 98345.0),
  ('11111111-1111-1111-1111-dddd00000005', 2026, 4, 128773.66),
  ('11111111-1111-1111-1111-dddd00000005', 2026, 5, 146625.36),
  ('11111111-1111-1111-1111-dddd00000005', 2026, 6, 98794.28),
  ('11111111-1111-1111-1111-dddd00000005', 2026, 7, 190518.17),
  ('11111111-1111-1111-1111-dddd00000005', 2026, 8, 193041.9),
  ('11111111-1111-1111-1111-dddd00000005', 2026, 9, 215224.28),
  ('11111111-1111-1111-1111-dddd00000005', 2026, 10, 188929.39),
  ('11111111-1111-1111-1111-dddd00000005', 2026, 11, 304394.32),
  ('11111111-1111-1111-1111-dddd00000005', 2026, 12, 144136.76),
  ('11111111-1111-1111-1111-dddd00000006', 2026, 1, 19147.29),
  ('11111111-1111-1111-1111-dddd00000006', 2026, 2, 21108.89),
  ('11111111-1111-1111-1111-dddd00000006', 2026, 3, 20704.21),
  ('11111111-1111-1111-1111-dddd00000006', 2026, 4, 27110.24),
  ('11111111-1111-1111-1111-dddd00000006', 2026, 5, 30868.5),
  ('11111111-1111-1111-1111-dddd00000006', 2026, 6, 20798.8),
  ('11111111-1111-1111-1111-dddd00000006', 2026, 7, 40109.09),
  ('11111111-1111-1111-1111-dddd00000006', 2026, 8, 40640.4),
  ('11111111-1111-1111-1111-dddd00000006', 2026, 9, 45310.37),
  ('11111111-1111-1111-1111-dddd00000006', 2026, 10, 39774.61),
  ('11111111-1111-1111-1111-dddd00000006', 2026, 11, 64083.02),
  ('11111111-1111-1111-1111-dddd00000006', 2026, 12, 30344.58),
  ('11111111-1111-1111-1111-dddd00000007', 2026, 1, 31114.35),
  ('11111111-1111-1111-1111-dddd00000007', 2026, 2, 34301.94),
  ('11111111-1111-1111-1111-dddd00000007', 2026, 3, 33644.34),
  ('11111111-1111-1111-1111-dddd00000007', 2026, 4, 44054.15),
  ('11111111-1111-1111-1111-dddd00000007', 2026, 5, 50161.31),
  ('11111111-1111-1111-1111-dddd00000007', 2026, 6, 33798.04),
  ('11111111-1111-1111-1111-dddd00000007', 2026, 7, 65177.27),
  ('11111111-1111-1111-1111-dddd00000007', 2026, 8, 66040.65),
  ('11111111-1111-1111-1111-dddd00000007', 2026, 9, 73629.36),
  ('11111111-1111-1111-1111-dddd00000007', 2026, 10, 64633.74),
  ('11111111-1111-1111-1111-dddd00000007', 2026, 11, 104134.9),
  ('11111111-1111-1111-1111-dddd00000007', 2026, 12, 49309.94),
  ('11111111-1111-1111-1111-dddd00000008', 2026, 1, 23934.12),
  ('11111111-1111-1111-1111-dddd00000008', 2026, 2, 26386.11),
  ('11111111-1111-1111-1111-dddd00000008', 2026, 3, 25880.26),
  ('11111111-1111-1111-1111-dddd00000008', 2026, 4, 33887.8),
  ('11111111-1111-1111-1111-dddd00000008', 2026, 5, 38585.62),
  ('11111111-1111-1111-1111-dddd00000008', 2026, 6, 25998.5),
  ('11111111-1111-1111-1111-dddd00000008', 2026, 7, 50136.36),
  ('11111111-1111-1111-1111-dddd00000008', 2026, 8, 50800.5),
  ('11111111-1111-1111-1111-dddd00000008', 2026, 9, 56637.97),
  ('11111111-1111-1111-1111-dddd00000008', 2026, 10, 49718.26),
  ('11111111-1111-1111-1111-dddd00000008', 2026, 11, 80103.77),
  ('11111111-1111-1111-1111-dddd00000008', 2026, 12, 37930.73),
  ('11111111-1111-1111-1111-dddd00000009', 2026, 1, 31114.35),
  ('11111111-1111-1111-1111-dddd00000009', 2026, 2, 34301.94),
  ('11111111-1111-1111-1111-dddd00000009', 2026, 3, 33644.34),
  ('11111111-1111-1111-1111-dddd00000009', 2026, 4, 44054.15),
  ('11111111-1111-1111-1111-dddd00000009', 2026, 5, 50161.31),
  ('11111111-1111-1111-1111-dddd00000009', 2026, 6, 33798.04),
  ('11111111-1111-1111-1111-dddd00000009', 2026, 7, 65177.27),
  ('11111111-1111-1111-1111-dddd00000009', 2026, 8, 66040.65),
  ('11111111-1111-1111-1111-dddd00000009', 2026, 9, 73629.36),
  ('11111111-1111-1111-1111-dddd00000009', 2026, 10, 64633.74),
  ('11111111-1111-1111-1111-dddd00000009', 2026, 11, 104134.9),
  ('11111111-1111-1111-1111-dddd00000009', 2026, 12, 49309.94),
  ('11111111-1111-1111-1111-dddd0000000a', 2026, 1, 23934.12),
  ('11111111-1111-1111-1111-dddd0000000a', 2026, 2, 26386.11),
  ('11111111-1111-1111-1111-dddd0000000a', 2026, 3, 25880.26),
  ('11111111-1111-1111-1111-dddd0000000a', 2026, 4, 33887.8),
  ('11111111-1111-1111-1111-dddd0000000a', 2026, 5, 38585.62),
  ('11111111-1111-1111-1111-dddd0000000a', 2026, 6, 25998.5),
  ('11111111-1111-1111-1111-dddd0000000a', 2026, 7, 50136.36),
  ('11111111-1111-1111-1111-dddd0000000a', 2026, 8, 50800.5),
  ('11111111-1111-1111-1111-dddd0000000a', 2026, 9, 56637.97),
  ('11111111-1111-1111-1111-dddd0000000a', 2026, 10, 49718.26),
  ('11111111-1111-1111-1111-dddd0000000a', 2026, 11, 80103.77),
  ('11111111-1111-1111-1111-dddd0000000a', 2026, 12, 37930.73),
  ('11111111-1111-1111-1111-dddd0000000b', 2026, 1, 23934.12),
  ('11111111-1111-1111-1111-dddd0000000b', 2026, 2, 26386.11),
  ('11111111-1111-1111-1111-dddd0000000b', 2026, 3, 25880.26),
  ('11111111-1111-1111-1111-dddd0000000b', 2026, 4, 33887.8),
  ('11111111-1111-1111-1111-dddd0000000b', 2026, 5, 38585.62),
  ('11111111-1111-1111-1111-dddd0000000b', 2026, 6, 25998.5),
  ('11111111-1111-1111-1111-dddd0000000b', 2026, 7, 50136.36),
  ('11111111-1111-1111-1111-dddd0000000b', 2026, 8, 50800.5),
  ('11111111-1111-1111-1111-dddd0000000b', 2026, 9, 56637.97),
  ('11111111-1111-1111-1111-dddd0000000b', 2026, 10, 49718.26),
  ('11111111-1111-1111-1111-dddd0000000b', 2026, 11, 80103.77),
  ('11111111-1111-1111-1111-dddd0000000b', 2026, 12, 37930.73),
  ('11111111-1111-1111-1111-dddd0000000c', 2026, 1, 8376.94),
  ('11111111-1111-1111-1111-dddd0000000c', 2026, 2, 9235.14),
  ('11111111-1111-1111-1111-dddd0000000c', 2026, 3, 9058.09),
  ('11111111-1111-1111-1111-dddd0000000c', 2026, 4, 11860.73),
  ('11111111-1111-1111-1111-dddd0000000c', 2026, 5, 13504.97),
  ('11111111-1111-1111-1111-dddd0000000c', 2026, 6, 9099.47),
  ('11111111-1111-1111-1111-dddd0000000c', 2026, 7, 17547.73),
  ('11111111-1111-1111-1111-dddd0000000c', 2026, 8, 17780.18),
  ('11111111-1111-1111-1111-dddd0000000c', 2026, 9, 19823.29),
  ('11111111-1111-1111-1111-dddd0000000c', 2026, 10, 17401.39),
  ('11111111-1111-1111-1111-dddd0000000c', 2026, 11, 28036.32),
  ('11111111-1111-1111-1111-dddd0000000c', 2026, 12, 13275.75),
  ('11111111-1111-1111-1111-dddd0000000d', 2026, 1, 28720.94),
  ('11111111-1111-1111-1111-dddd0000000d', 2026, 2, 31663.33),
  ('11111111-1111-1111-1111-dddd0000000d', 2026, 3, 31056.32),
  ('11111111-1111-1111-1111-dddd0000000d', 2026, 4, 40665.37),
  ('11111111-1111-1111-1111-dddd0000000d', 2026, 5, 46302.75),
  ('11111111-1111-1111-1111-dddd0000000d', 2026, 6, 31198.2),
  ('11111111-1111-1111-1111-dddd0000000d', 2026, 7, 60163.63),
  ('11111111-1111-1111-1111-dddd0000000d', 2026, 8, 60960.6),
  ('11111111-1111-1111-1111-dddd0000000d', 2026, 9, 67965.56),
  ('11111111-1111-1111-1111-dddd0000000d', 2026, 10, 59661.91),
  ('11111111-1111-1111-1111-dddd0000000d', 2026, 11, 96124.52),
  ('11111111-1111-1111-1111-dddd0000000d', 2026, 12, 45516.87),
  ('11111111-1111-1111-1111-dddd0000000e', 2026, 1, 4786.82),
  ('11111111-1111-1111-1111-dddd0000000e', 2026, 2, 5277.22),
  ('11111111-1111-1111-1111-dddd0000000e', 2026, 3, 5176.05),
  ('11111111-1111-1111-1111-dddd0000000e', 2026, 4, 6777.56),
  ('11111111-1111-1111-1111-dddd0000000e', 2026, 5, 7717.12),
  ('11111111-1111-1111-1111-dddd0000000e', 2026, 6, 5199.7),
  ('11111111-1111-1111-1111-dddd0000000e', 2026, 7, 10027.27),
  ('11111111-1111-1111-1111-dddd0000000e', 2026, 8, 10160.1),
  ('11111111-1111-1111-1111-dddd0000000e', 2026, 9, 11327.59),
  ('11111111-1111-1111-1111-dddd0000000e', 2026, 10, 9943.65),
  ('11111111-1111-1111-1111-dddd0000000e', 2026, 11, 16020.75),
  ('11111111-1111-1111-1111-dddd0000000e', 2026, 12, 7586.15),
  ('11111111-1111-1111-1111-dddd0000000f', 2026, 1, 7180.24),
  ('11111111-1111-1111-1111-dddd0000000f', 2026, 2, 7915.83),
  ('11111111-1111-1111-1111-dddd0000000f', 2026, 3, 7764.08),
  ('11111111-1111-1111-1111-dddd0000000f', 2026, 4, 10166.34),
  ('11111111-1111-1111-1111-dddd0000000f', 2026, 5, 11575.69),
  ('11111111-1111-1111-1111-dddd0000000f', 2026, 6, 7799.55),
  ('11111111-1111-1111-1111-dddd0000000f', 2026, 7, 15040.91),
  ('11111111-1111-1111-1111-dddd0000000f', 2026, 8, 15240.15),
  ('11111111-1111-1111-1111-dddd0000000f', 2026, 9, 16991.39),
  ('11111111-1111-1111-1111-dddd0000000f', 2026, 10, 14915.48),
  ('11111111-1111-1111-1111-dddd0000000f', 2026, 11, 24031.13),
  ('11111111-1111-1111-1111-dddd0000000f', 2026, 12, 11379.22),
  ('11111111-1111-1111-1111-dddd00000010', 2026, 1, 19147.29),
  ('11111111-1111-1111-1111-dddd00000010', 2026, 2, 21108.89),
  ('11111111-1111-1111-1111-dddd00000010', 2026, 3, 20704.21),
  ('11111111-1111-1111-1111-dddd00000010', 2026, 4, 27110.24),
  ('11111111-1111-1111-1111-dddd00000010', 2026, 5, 30868.5),
  ('11111111-1111-1111-1111-dddd00000010', 2026, 6, 20798.8),
  ('11111111-1111-1111-1111-dddd00000010', 2026, 7, 40109.09),
  ('11111111-1111-1111-1111-dddd00000010', 2026, 8, 40640.4),
  ('11111111-1111-1111-1111-dddd00000010', 2026, 9, 45310.37),
  ('11111111-1111-1111-1111-dddd00000010', 2026, 10, 39774.61),
  ('11111111-1111-1111-1111-dddd00000010', 2026, 11, 64083.02),
  ('11111111-1111-1111-1111-dddd00000010', 2026, 12, 30344.58),
  ('11111111-1111-1111-1111-dddd00000011', 2026, 1, 9573.65),
  ('11111111-1111-1111-1111-dddd00000011', 2026, 2, 10554.44),
  ('11111111-1111-1111-1111-dddd00000011', 2026, 3, 10352.11),
  ('11111111-1111-1111-1111-dddd00000011', 2026, 4, 13555.12),
  ('11111111-1111-1111-1111-dddd00000011', 2026, 5, 15434.25),
  ('11111111-1111-1111-1111-dddd00000011', 2026, 6, 10399.4),
  ('11111111-1111-1111-1111-dddd00000011', 2026, 7, 20054.54),
  ('11111111-1111-1111-1111-dddd00000011', 2026, 8, 20320.2),
  ('11111111-1111-1111-1111-dddd00000011', 2026, 9, 22655.19),
  ('11111111-1111-1111-1111-dddd00000011', 2026, 10, 19887.3),
  ('11111111-1111-1111-1111-dddd00000011', 2026, 11, 32041.51),
  ('11111111-1111-1111-1111-dddd00000011', 2026, 12, 15172.29),
  ('11111111-1111-1111-1111-dddd00000012', 2026, 1, 4786.82),
  ('11111111-1111-1111-1111-dddd00000012', 2026, 2, 5277.22),
  ('11111111-1111-1111-1111-dddd00000012', 2026, 3, 5176.05),
  ('11111111-1111-1111-1111-dddd00000012', 2026, 4, 6777.56),
  ('11111111-1111-1111-1111-dddd00000012', 2026, 5, 7717.12),
  ('11111111-1111-1111-1111-dddd00000012', 2026, 6, 5199.7),
  ('11111111-1111-1111-1111-dddd00000012', 2026, 7, 10027.27),
  ('11111111-1111-1111-1111-dddd00000012', 2026, 8, 10160.1),
  ('11111111-1111-1111-1111-dddd00000012', 2026, 9, 11327.59),
  ('11111111-1111-1111-1111-dddd00000012', 2026, 10, 9943.65),
  ('11111111-1111-1111-1111-dddd00000012', 2026, 11, 16020.75),
  ('11111111-1111-1111-1111-dddd00000012', 2026, 12, 7586.15),
  ('11111111-1111-1111-1111-dddd00000013', 2026, 1, 11967.06),
  ('11111111-1111-1111-1111-dddd00000013', 2026, 2, 13193.06),
  ('11111111-1111-1111-1111-dddd00000013', 2026, 3, 12940.13),
  ('11111111-1111-1111-1111-dddd00000013', 2026, 4, 16943.9),
  ('11111111-1111-1111-1111-dddd00000013', 2026, 5, 19292.81),
  ('11111111-1111-1111-1111-dddd00000013', 2026, 6, 12999.25),
  ('11111111-1111-1111-1111-dddd00000013', 2026, 7, 25068.18),
  ('11111111-1111-1111-1111-dddd00000013', 2026, 8, 25400.25),
  ('11111111-1111-1111-1111-dddd00000013', 2026, 9, 28318.98),
  ('11111111-1111-1111-1111-dddd00000013', 2026, 10, 24859.13),
  ('11111111-1111-1111-1111-dddd00000013', 2026, 11, 40051.88),
  ('11111111-1111-1111-1111-dddd00000013', 2026, 12, 18965.36),
  ('11111111-1111-1111-1111-dddd00000014', 2026, 1, 9573.65),
  ('11111111-1111-1111-1111-dddd00000014', 2026, 2, 10554.44),
  ('11111111-1111-1111-1111-dddd00000014', 2026, 3, 10352.11),
  ('11111111-1111-1111-1111-dddd00000014', 2026, 4, 13555.12),
  ('11111111-1111-1111-1111-dddd00000014', 2026, 5, 15434.25),
  ('11111111-1111-1111-1111-dddd00000014', 2026, 6, 10399.4),
  ('11111111-1111-1111-1111-dddd00000014', 2026, 7, 20054.54),
  ('11111111-1111-1111-1111-dddd00000014', 2026, 8, 20320.2),
  ('11111111-1111-1111-1111-dddd00000014', 2026, 9, 22655.19),
  ('11111111-1111-1111-1111-dddd00000014', 2026, 10, 19887.3),
  ('11111111-1111-1111-1111-dddd00000014', 2026, 11, 32041.51),
  ('11111111-1111-1111-1111-dddd00000014', 2026, 12, 15172.29),
  ('11111111-1111-1111-1111-dddd00000015', 2026, 1, 4786.82),
  ('11111111-1111-1111-1111-dddd00000015', 2026, 2, 5277.22),
  ('11111111-1111-1111-1111-dddd00000015', 2026, 3, 5176.05),
  ('11111111-1111-1111-1111-dddd00000015', 2026, 4, 6777.56),
  ('11111111-1111-1111-1111-dddd00000015', 2026, 5, 7717.12),
  ('11111111-1111-1111-1111-dddd00000015', 2026, 6, 5199.7),
  ('11111111-1111-1111-1111-dddd00000015', 2026, 7, 10027.27),
  ('11111111-1111-1111-1111-dddd00000015', 2026, 8, 10160.1),
  ('11111111-1111-1111-1111-dddd00000015', 2026, 9, 11327.59),
  ('11111111-1111-1111-1111-dddd00000015', 2026, 10, 9943.65),
  ('11111111-1111-1111-1111-dddd00000015', 2026, 11, 16020.75),
  ('11111111-1111-1111-1111-dddd00000015', 2026, 12, 7586.15),
  ('11111111-1111-1111-1111-dddd00000016', 2026, 1, 7180.24),
  ('11111111-1111-1111-1111-dddd00000016', 2026, 2, 7915.83),
  ('11111111-1111-1111-1111-dddd00000016', 2026, 3, 7764.08),
  ('11111111-1111-1111-1111-dddd00000016', 2026, 4, 10166.34),
  ('11111111-1111-1111-1111-dddd00000016', 2026, 5, 11575.69),
  ('11111111-1111-1111-1111-dddd00000016', 2026, 6, 7799.55),
  ('11111111-1111-1111-1111-dddd00000016', 2026, 7, 15040.91),
  ('11111111-1111-1111-1111-dddd00000016', 2026, 8, 15240.15),
  ('11111111-1111-1111-1111-dddd00000016', 2026, 9, 16991.39),
  ('11111111-1111-1111-1111-dddd00000016', 2026, 10, 14915.48),
  ('11111111-1111-1111-1111-dddd00000016', 2026, 11, 24031.13),
  ('11111111-1111-1111-1111-dddd00000016', 2026, 12, 11379.22),
  ('11111111-1111-1111-1111-dddd00000017', 2026, 1, 14360.47),
  ('11111111-1111-1111-1111-dddd00000017', 2026, 2, 15831.67),
  ('11111111-1111-1111-1111-dddd00000017', 2026, 3, 15528.16),
  ('11111111-1111-1111-1111-dddd00000017', 2026, 4, 20332.68),
  ('11111111-1111-1111-1111-dddd00000017', 2026, 5, 23151.37),
  ('11111111-1111-1111-1111-dddd00000017', 2026, 6, 15599.1),
  ('11111111-1111-1111-1111-dddd00000017', 2026, 7, 30081.82),
  ('11111111-1111-1111-1111-dddd00000017', 2026, 8, 30480.3),
  ('11111111-1111-1111-1111-dddd00000017', 2026, 9, 33982.78),
  ('11111111-1111-1111-1111-dddd00000017', 2026, 10, 29830.96),
  ('11111111-1111-1111-1111-dddd00000017', 2026, 11, 48062.26),
  ('11111111-1111-1111-1111-dddd00000017', 2026, 12, 22758.44),
  ('11111111-1111-1111-1111-dddd00000018', 2026, 1, 35901.18),
  ('11111111-1111-1111-1111-dddd00000018', 2026, 2, 39579.17),
  ('11111111-1111-1111-1111-dddd00000018', 2026, 3, 38820.4),
  ('11111111-1111-1111-1111-dddd00000018', 2026, 4, 50831.71),
  ('11111111-1111-1111-1111-dddd00000018', 2026, 5, 57878.43),
  ('11111111-1111-1111-1111-dddd00000018', 2026, 6, 38997.74),
  ('11111111-1111-1111-1111-dddd00000018', 2026, 7, 75204.54),
  ('11111111-1111-1111-1111-dddd00000018', 2026, 8, 76200.75),
  ('11111111-1111-1111-1111-dddd00000018', 2026, 9, 84956.95),
  ('11111111-1111-1111-1111-dddd00000018', 2026, 10, 74577.39),
  ('11111111-1111-1111-1111-dddd00000018', 2026, 11, 120155.65),
  ('11111111-1111-1111-1111-dddd00000018', 2026, 12, 56896.09),
  ('11111111-1111-1111-1111-dddd00000019', 2026, 1, 4786.82),
  ('11111111-1111-1111-1111-dddd00000019', 2026, 2, 5277.22),
  ('11111111-1111-1111-1111-dddd00000019', 2026, 3, 5176.05),
  ('11111111-1111-1111-1111-dddd00000019', 2026, 4, 6777.56),
  ('11111111-1111-1111-1111-dddd00000019', 2026, 5, 7717.12),
  ('11111111-1111-1111-1111-dddd00000019', 2026, 6, 5199.7),
  ('11111111-1111-1111-1111-dddd00000019', 2026, 7, 10027.27),
  ('11111111-1111-1111-1111-dddd00000019', 2026, 8, 10160.1),
  ('11111111-1111-1111-1111-dddd00000019', 2026, 9, 11327.59),
  ('11111111-1111-1111-1111-dddd00000019', 2026, 10, 9943.65),
  ('11111111-1111-1111-1111-dddd00000019', 2026, 11, 16020.75),
  ('11111111-1111-1111-1111-dddd00000019', 2026, 12, 7586.15),
  ('11111111-1111-1111-1111-dddd0000001a', 2026, 1, 23934.12),
  ('11111111-1111-1111-1111-dddd0000001a', 2026, 2, 26386.11),
  ('11111111-1111-1111-1111-dddd0000001a', 2026, 3, 25880.26),
  ('11111111-1111-1111-1111-dddd0000001a', 2026, 4, 33887.8),
  ('11111111-1111-1111-1111-dddd0000001a', 2026, 5, 38585.62),
  ('11111111-1111-1111-1111-dddd0000001a', 2026, 6, 25998.5),
  ('11111111-1111-1111-1111-dddd0000001a', 2026, 7, 50136.36),
  ('11111111-1111-1111-1111-dddd0000001a', 2026, 8, 50800.5),
  ('11111111-1111-1111-1111-dddd0000001a', 2026, 9, 56637.97),
  ('11111111-1111-1111-1111-dddd0000001a', 2026, 10, 49718.26),
  ('11111111-1111-1111-1111-dddd0000001a', 2026, 11, 80103.77),
  ('11111111-1111-1111-1111-dddd0000001a', 2026, 12, 37930.73),
  ('11111111-1111-1111-1111-dddd0000001b', 2026, 1, 11967.06),
  ('11111111-1111-1111-1111-dddd0000001b', 2026, 2, 13193.06),
  ('11111111-1111-1111-1111-dddd0000001b', 2026, 3, 12940.13),
  ('11111111-1111-1111-1111-dddd0000001b', 2026, 4, 16943.9),
  ('11111111-1111-1111-1111-dddd0000001b', 2026, 5, 19292.81),
  ('11111111-1111-1111-1111-dddd0000001b', 2026, 6, 12999.25),
  ('11111111-1111-1111-1111-dddd0000001b', 2026, 7, 25068.18),
  ('11111111-1111-1111-1111-dddd0000001b', 2026, 8, 25400.25),
  ('11111111-1111-1111-1111-dddd0000001b', 2026, 9, 28318.98),
  ('11111111-1111-1111-1111-dddd0000001b', 2026, 10, 24859.13),
  ('11111111-1111-1111-1111-dddd0000001b', 2026, 11, 40051.88),
  ('11111111-1111-1111-1111-dddd0000001b', 2026, 12, 18965.36),
  ('11111111-1111-1111-1111-dddd0000001c', 2026, 1, 23934.12),
  ('11111111-1111-1111-1111-dddd0000001c', 2026, 2, 26386.11),
  ('11111111-1111-1111-1111-dddd0000001c', 2026, 3, 25880.26),
  ('11111111-1111-1111-1111-dddd0000001c', 2026, 4, 33887.8),
  ('11111111-1111-1111-1111-dddd0000001c', 2026, 5, 38585.62),
  ('11111111-1111-1111-1111-dddd0000001c', 2026, 6, 25998.5),
  ('11111111-1111-1111-1111-dddd0000001c', 2026, 7, 50136.36),
  ('11111111-1111-1111-1111-dddd0000001c', 2026, 8, 50800.5),
  ('11111111-1111-1111-1111-dddd0000001c', 2026, 9, 56637.97),
  ('11111111-1111-1111-1111-dddd0000001c', 2026, 10, 49718.26),
  ('11111111-1111-1111-1111-dddd0000001c', 2026, 11, 80103.77),
  ('11111111-1111-1111-1111-dddd0000001c', 2026, 12, 37930.73),
  ('11111111-1111-1111-1111-dddd0000001d', 2026, 1, 14360.47),
  ('11111111-1111-1111-1111-dddd0000001d', 2026, 2, 15831.67),
  ('11111111-1111-1111-1111-dddd0000001d', 2026, 3, 15528.16),
  ('11111111-1111-1111-1111-dddd0000001d', 2026, 4, 20332.68),
  ('11111111-1111-1111-1111-dddd0000001d', 2026, 5, 23151.37),
  ('11111111-1111-1111-1111-dddd0000001d', 2026, 6, 15599.1),
  ('11111111-1111-1111-1111-dddd0000001d', 2026, 7, 30081.82),
  ('11111111-1111-1111-1111-dddd0000001d', 2026, 8, 30480.3),
  ('11111111-1111-1111-1111-dddd0000001d', 2026, 9, 33982.78),
  ('11111111-1111-1111-1111-dddd0000001d', 2026, 10, 29830.96),
  ('11111111-1111-1111-1111-dddd0000001d', 2026, 11, 48062.26),
  ('11111111-1111-1111-1111-dddd0000001d', 2026, 12, 22758.44),
  ('11111111-1111-1111-1111-dddd0000001e', 2026, 1, 47868.24),
  ('11111111-1111-1111-1111-dddd0000001e', 2026, 2, 52772.22),
  ('11111111-1111-1111-1111-dddd0000001e', 2026, 3, 51760.53),
  ('11111111-1111-1111-1111-dddd0000001e', 2026, 4, 67775.61),
  ('11111111-1111-1111-1111-dddd0000001e', 2026, 5, 77171.24),
  ('11111111-1111-1111-1111-dddd0000001e', 2026, 6, 51996.99),
  ('11111111-1111-1111-1111-dddd0000001e', 2026, 7, 100272.72),
  ('11111111-1111-1111-1111-dddd0000001e', 2026, 8, 101601.0),
  ('11111111-1111-1111-1111-dddd0000001e', 2026, 9, 113275.94),
  ('11111111-1111-1111-1111-dddd0000001e', 2026, 10, 99436.52),
  ('11111111-1111-1111-1111-dddd0000001e', 2026, 11, 160207.54),
  ('11111111-1111-1111-1111-dddd0000001e', 2026, 12, 75861.45),
  ('11111111-1111-1111-1111-dddd0000001f', 2026, 1, 7180.24),
  ('11111111-1111-1111-1111-dddd0000001f', 2026, 2, 7915.83),
  ('11111111-1111-1111-1111-dddd0000001f', 2026, 3, 7764.08),
  ('11111111-1111-1111-1111-dddd0000001f', 2026, 4, 10166.34),
  ('11111111-1111-1111-1111-dddd0000001f', 2026, 5, 11575.69),
  ('11111111-1111-1111-1111-dddd0000001f', 2026, 6, 7799.55),
  ('11111111-1111-1111-1111-dddd0000001f', 2026, 7, 15040.91),
  ('11111111-1111-1111-1111-dddd0000001f', 2026, 8, 15240.15),
  ('11111111-1111-1111-1111-dddd0000001f', 2026, 9, 16991.39),
  ('11111111-1111-1111-1111-dddd0000001f', 2026, 10, 14915.48),
  ('11111111-1111-1111-1111-dddd0000001f', 2026, 11, 24031.13),
  ('11111111-1111-1111-1111-dddd0000001f', 2026, 12, 11379.22),
  ('11111111-1111-1111-1111-dddd00000020', 2026, 1, 7180.24),
  ('11111111-1111-1111-1111-dddd00000020', 2026, 2, 7915.83),
  ('11111111-1111-1111-1111-dddd00000020', 2026, 3, 7764.08),
  ('11111111-1111-1111-1111-dddd00000020', 2026, 4, 10166.34),
  ('11111111-1111-1111-1111-dddd00000020', 2026, 5, 11575.69),
  ('11111111-1111-1111-1111-dddd00000020', 2026, 6, 7799.55),
  ('11111111-1111-1111-1111-dddd00000020', 2026, 7, 15040.91),
  ('11111111-1111-1111-1111-dddd00000020', 2026, 8, 15240.15),
  ('11111111-1111-1111-1111-dddd00000020', 2026, 9, 16991.39),
  ('11111111-1111-1111-1111-dddd00000020', 2026, 10, 14915.48),
  ('11111111-1111-1111-1111-dddd00000020', 2026, 11, 24031.13),
  ('11111111-1111-1111-1111-dddd00000020', 2026, 12, 11379.22),
  ('11111111-1111-1111-1111-dddd00000021', 2026, 1, 23934.12),
  ('11111111-1111-1111-1111-dddd00000021', 2026, 2, 26386.11),
  ('11111111-1111-1111-1111-dddd00000021', 2026, 3, 25880.26),
  ('11111111-1111-1111-1111-dddd00000021', 2026, 4, 33887.8),
  ('11111111-1111-1111-1111-dddd00000021', 2026, 5, 38585.62),
  ('11111111-1111-1111-1111-dddd00000021', 2026, 6, 25998.5),
  ('11111111-1111-1111-1111-dddd00000021', 2026, 7, 50136.36),
  ('11111111-1111-1111-1111-dddd00000021', 2026, 8, 50800.5),
  ('11111111-1111-1111-1111-dddd00000021', 2026, 9, 56637.97),
  ('11111111-1111-1111-1111-dddd00000021', 2026, 10, 49718.26),
  ('11111111-1111-1111-1111-dddd00000021', 2026, 11, 80103.77),
  ('11111111-1111-1111-1111-dddd00000021', 2026, 12, 37930.73),
  ('11111111-1111-1111-1111-dddd00000022', 2026, 1, 7180.24),
  ('11111111-1111-1111-1111-dddd00000022', 2026, 2, 7915.83),
  ('11111111-1111-1111-1111-dddd00000022', 2026, 3, 7764.08),
  ('11111111-1111-1111-1111-dddd00000022', 2026, 4, 10166.34),
  ('11111111-1111-1111-1111-dddd00000022', 2026, 5, 11575.69),
  ('11111111-1111-1111-1111-dddd00000022', 2026, 6, 7799.55),
  ('11111111-1111-1111-1111-dddd00000022', 2026, 7, 15040.91),
  ('11111111-1111-1111-1111-dddd00000022', 2026, 8, 15240.15),
  ('11111111-1111-1111-1111-dddd00000022', 2026, 9, 16991.39),
  ('11111111-1111-1111-1111-dddd00000022', 2026, 10, 14915.48),
  ('11111111-1111-1111-1111-dddd00000022', 2026, 11, 24031.13),
  ('11111111-1111-1111-1111-dddd00000022', 2026, 12, 11379.22),
  ('11111111-1111-1111-1111-dddd00000023', 2026, 1, 16753.88),
  ('11111111-1111-1111-1111-dddd00000023', 2026, 2, 18470.28),
  ('11111111-1111-1111-1111-dddd00000023', 2026, 3, 18116.18),
  ('11111111-1111-1111-1111-dddd00000023', 2026, 4, 23721.46),
  ('11111111-1111-1111-1111-dddd00000023', 2026, 5, 27009.94),
  ('11111111-1111-1111-1111-dddd00000023', 2026, 6, 18198.95),
  ('11111111-1111-1111-1111-dddd00000023', 2026, 7, 35095.45),
  ('11111111-1111-1111-1111-dddd00000023', 2026, 8, 35560.35),
  ('11111111-1111-1111-1111-dddd00000023', 2026, 9, 39646.58),
  ('11111111-1111-1111-1111-dddd00000023', 2026, 10, 34802.78),
  ('11111111-1111-1111-1111-dddd00000023', 2026, 11, 56072.64),
  ('11111111-1111-1111-1111-dddd00000023', 2026, 12, 26551.51),
  ('11111111-1111-1111-1111-dddd00000024', 2026, 1, 7180.24),
  ('11111111-1111-1111-1111-dddd00000024', 2026, 2, 7915.83),
  ('11111111-1111-1111-1111-dddd00000024', 2026, 3, 7764.08),
  ('11111111-1111-1111-1111-dddd00000024', 2026, 4, 10166.34),
  ('11111111-1111-1111-1111-dddd00000024', 2026, 5, 11575.69),
  ('11111111-1111-1111-1111-dddd00000024', 2026, 6, 7799.55),
  ('11111111-1111-1111-1111-dddd00000024', 2026, 7, 15040.91),
  ('11111111-1111-1111-1111-dddd00000024', 2026, 8, 15240.15),
  ('11111111-1111-1111-1111-dddd00000024', 2026, 9, 16991.39),
  ('11111111-1111-1111-1111-dddd00000024', 2026, 10, 14915.48),
  ('11111111-1111-1111-1111-dddd00000024', 2026, 11, 24031.13),
  ('11111111-1111-1111-1111-dddd00000024', 2026, 12, 11379.22),
  ('11111111-1111-1111-1111-dddd00000025', 2026, 1, 16753.88),
  ('11111111-1111-1111-1111-dddd00000025', 2026, 2, 18470.28),
  ('11111111-1111-1111-1111-dddd00000025', 2026, 3, 18116.18),
  ('11111111-1111-1111-1111-dddd00000025', 2026, 4, 23721.46),
  ('11111111-1111-1111-1111-dddd00000025', 2026, 5, 27009.94),
  ('11111111-1111-1111-1111-dddd00000025', 2026, 6, 18198.95),
  ('11111111-1111-1111-1111-dddd00000025', 2026, 7, 35095.45),
  ('11111111-1111-1111-1111-dddd00000025', 2026, 8, 35560.35),
  ('11111111-1111-1111-1111-dddd00000025', 2026, 9, 39646.58),
  ('11111111-1111-1111-1111-dddd00000025', 2026, 10, 34802.78),
  ('11111111-1111-1111-1111-dddd00000025', 2026, 11, 56072.64),
  ('11111111-1111-1111-1111-dddd00000025', 2026, 12, 26551.51),
  ('11111111-1111-1111-1111-dddd00000026', 2026, 1, 7180.24),
  ('11111111-1111-1111-1111-dddd00000026', 2026, 2, 7915.83),
  ('11111111-1111-1111-1111-dddd00000026', 2026, 3, 7764.08),
  ('11111111-1111-1111-1111-dddd00000026', 2026, 4, 10166.34),
  ('11111111-1111-1111-1111-dddd00000026', 2026, 5, 11575.69),
  ('11111111-1111-1111-1111-dddd00000026', 2026, 6, 7799.55),
  ('11111111-1111-1111-1111-dddd00000026', 2026, 7, 15040.91),
  ('11111111-1111-1111-1111-dddd00000026', 2026, 8, 15240.15),
  ('11111111-1111-1111-1111-dddd00000026', 2026, 9, 16991.39),
  ('11111111-1111-1111-1111-dddd00000026', 2026, 10, 14915.48),
  ('11111111-1111-1111-1111-dddd00000026', 2026, 11, 24031.13),
  ('11111111-1111-1111-1111-dddd00000026', 2026, 12, 11379.22),
  ('11111111-1111-1111-1111-dddd00000027', 2026, 1, 23934.12),
  ('11111111-1111-1111-1111-dddd00000027', 2026, 2, 26386.11),
  ('11111111-1111-1111-1111-dddd00000027', 2026, 3, 25880.26),
  ('11111111-1111-1111-1111-dddd00000027', 2026, 4, 33887.8),
  ('11111111-1111-1111-1111-dddd00000027', 2026, 5, 38585.62),
  ('11111111-1111-1111-1111-dddd00000027', 2026, 6, 25998.5),
  ('11111111-1111-1111-1111-dddd00000027', 2026, 7, 50136.36),
  ('11111111-1111-1111-1111-dddd00000027', 2026, 8, 50800.5),
  ('11111111-1111-1111-1111-dddd00000027', 2026, 9, 56637.97),
  ('11111111-1111-1111-1111-dddd00000027', 2026, 10, 49718.26),
  ('11111111-1111-1111-1111-dddd00000027', 2026, 11, 80103.77),
  ('11111111-1111-1111-1111-dddd00000027', 2026, 12, 37930.73),
  ('11111111-1111-1111-1111-dddd00000028', 2026, 1, 23934.12),
  ('11111111-1111-1111-1111-dddd00000028', 2026, 2, 26386.11),
  ('11111111-1111-1111-1111-dddd00000028', 2026, 3, 25880.26),
  ('11111111-1111-1111-1111-dddd00000028', 2026, 4, 33887.8),
  ('11111111-1111-1111-1111-dddd00000028', 2026, 5, 38585.62),
  ('11111111-1111-1111-1111-dddd00000028', 2026, 6, 25998.5),
  ('11111111-1111-1111-1111-dddd00000028', 2026, 7, 50136.36),
  ('11111111-1111-1111-1111-dddd00000028', 2026, 8, 50800.5),
  ('11111111-1111-1111-1111-dddd00000028', 2026, 9, 56637.97),
  ('11111111-1111-1111-1111-dddd00000028', 2026, 10, 49718.26),
  ('11111111-1111-1111-1111-dddd00000028', 2026, 11, 80103.77),
  ('11111111-1111-1111-1111-dddd00000028', 2026, 12, 37930.73),
  ('11111111-1111-1111-1111-dddd00000029', 2026, 1, 14360.47),
  ('11111111-1111-1111-1111-dddd00000029', 2026, 2, 15831.67),
  ('11111111-1111-1111-1111-dddd00000029', 2026, 3, 15528.16),
  ('11111111-1111-1111-1111-dddd00000029', 2026, 4, 20332.68),
  ('11111111-1111-1111-1111-dddd00000029', 2026, 5, 23151.37),
  ('11111111-1111-1111-1111-dddd00000029', 2026, 6, 15599.1),
  ('11111111-1111-1111-1111-dddd00000029', 2026, 7, 30081.82),
  ('11111111-1111-1111-1111-dddd00000029', 2026, 8, 30480.3),
  ('11111111-1111-1111-1111-dddd00000029', 2026, 9, 33982.78),
  ('11111111-1111-1111-1111-dddd00000029', 2026, 10, 29830.96),
  ('11111111-1111-1111-1111-dddd00000029', 2026, 11, 48062.26),
  ('11111111-1111-1111-1111-dddd00000029', 2026, 12, 22758.44),
  ('11111111-1111-1111-1111-dddd0000002a', 2026, 1, 0),
  ('11111111-1111-1111-1111-dddd0000002a', 2026, 2, 0),
  ('11111111-1111-1111-1111-dddd0000002a', 2026, 3, 0),
  ('11111111-1111-1111-1111-dddd0000002a', 2026, 4, 0),
  ('11111111-1111-1111-1111-dddd0000002a', 2026, 5, 0),
  ('11111111-1111-1111-1111-dddd0000002a', 2026, 6, 0),
  ('11111111-1111-1111-1111-dddd0000002a', 2026, 7, 0),
  ('11111111-1111-1111-1111-dddd0000002a', 2026, 8, 0),
  ('11111111-1111-1111-1111-dddd0000002a', 2026, 9, 0),
  ('11111111-1111-1111-1111-dddd0000002a', 2026, 10, 0),
  ('11111111-1111-1111-1111-dddd0000002a', 2026, 11, 0),
  ('11111111-1111-1111-1111-dddd0000002a', 2026, 12, 0),
  ('11111111-1111-1111-1111-dddd0000002b', 2026, 1, 0),
  ('11111111-1111-1111-1111-dddd0000002b', 2026, 2, 0),
  ('11111111-1111-1111-1111-dddd0000002b', 2026, 3, 0),
  ('11111111-1111-1111-1111-dddd0000002b', 2026, 4, 0),
  ('11111111-1111-1111-1111-dddd0000002b', 2026, 5, 0),
  ('11111111-1111-1111-1111-dddd0000002b', 2026, 6, 0),
  ('11111111-1111-1111-1111-dddd0000002b', 2026, 7, 0),
  ('11111111-1111-1111-1111-dddd0000002b', 2026, 8, 0),
  ('11111111-1111-1111-1111-dddd0000002b', 2026, 9, 0),
  ('11111111-1111-1111-1111-dddd0000002b', 2026, 10, 0),
  ('11111111-1111-1111-1111-dddd0000002b', 2026, 11, 0),
  ('11111111-1111-1111-1111-dddd0000002b', 2026, 12, 0),
  ('11111111-1111-1111-1111-dddd0000002c', 2026, 1, 0),
  ('11111111-1111-1111-1111-dddd0000002c', 2026, 2, 0),
  ('11111111-1111-1111-1111-dddd0000002c', 2026, 3, 0),
  ('11111111-1111-1111-1111-dddd0000002c', 2026, 4, 0),
  ('11111111-1111-1111-1111-dddd0000002c', 2026, 5, 0),
  ('11111111-1111-1111-1111-dddd0000002c', 2026, 6, 0),
  ('11111111-1111-1111-1111-dddd0000002c', 2026, 7, 0),
  ('11111111-1111-1111-1111-dddd0000002c', 2026, 8, 0),
  ('11111111-1111-1111-1111-dddd0000002c', 2026, 9, 0),
  ('11111111-1111-1111-1111-dddd0000002c', 2026, 10, 0),
  ('11111111-1111-1111-1111-dddd0000002c', 2026, 11, 0),
  ('11111111-1111-1111-1111-dddd0000002c', 2026, 12, 0),
  ('11111111-1111-1111-1111-dddd0000002d', 2026, 1, 0),
  ('11111111-1111-1111-1111-dddd0000002d', 2026, 2, 0),
  ('11111111-1111-1111-1111-dddd0000002d', 2026, 3, 0),
  ('11111111-1111-1111-1111-dddd0000002d', 2026, 4, 0),
  ('11111111-1111-1111-1111-dddd0000002d', 2026, 5, 0),
  ('11111111-1111-1111-1111-dddd0000002d', 2026, 6, 0),
  ('11111111-1111-1111-1111-dddd0000002d', 2026, 7, 0),
  ('11111111-1111-1111-1111-dddd0000002d', 2026, 8, 0),
  ('11111111-1111-1111-1111-dddd0000002d', 2026, 9, 0),
  ('11111111-1111-1111-1111-dddd0000002d', 2026, 10, 0),
  ('11111111-1111-1111-1111-dddd0000002d', 2026, 11, 0),
  ('11111111-1111-1111-1111-dddd0000002d', 2026, 12, 0),
  ('11111111-1111-1111-1111-dddd0000002e', 2026, 1, 0),
  ('11111111-1111-1111-1111-dddd0000002e', 2026, 2, 0),
  ('11111111-1111-1111-1111-dddd0000002e', 2026, 3, 0),
  ('11111111-1111-1111-1111-dddd0000002e', 2026, 4, 0),
  ('11111111-1111-1111-1111-dddd0000002e', 2026, 5, 0),
  ('11111111-1111-1111-1111-dddd0000002e', 2026, 6, 0),
  ('11111111-1111-1111-1111-dddd0000002e', 2026, 7, 0),
  ('11111111-1111-1111-1111-dddd0000002e', 2026, 8, 0),
  ('11111111-1111-1111-1111-dddd0000002e', 2026, 9, 0),
  ('11111111-1111-1111-1111-dddd0000002e', 2026, 10, 0),
  ('11111111-1111-1111-1111-dddd0000002e', 2026, 11, 0),
  ('11111111-1111-1111-1111-dddd0000002e', 2026, 12, 0),
  ('11111111-1111-1111-1111-dddd0000002f', 2026, 1, 0),
  ('11111111-1111-1111-1111-dddd0000002f', 2026, 2, 0),
  ('11111111-1111-1111-1111-dddd0000002f', 2026, 3, 0),
  ('11111111-1111-1111-1111-dddd0000002f', 2026, 4, 0),
  ('11111111-1111-1111-1111-dddd0000002f', 2026, 5, 0),
  ('11111111-1111-1111-1111-dddd0000002f', 2026, 6, 0),
  ('11111111-1111-1111-1111-dddd0000002f', 2026, 7, 0),
  ('11111111-1111-1111-1111-dddd0000002f', 2026, 8, 0),
  ('11111111-1111-1111-1111-dddd0000002f', 2026, 9, 0),
  ('11111111-1111-1111-1111-dddd0000002f', 2026, 10, 0),
  ('11111111-1111-1111-1111-dddd0000002f', 2026, 11, 0),
  ('11111111-1111-1111-1111-dddd0000002f', 2026, 12, 0),
  ('11111111-1111-1111-1111-dddd00000030', 2026, 1, 0),
  ('11111111-1111-1111-1111-dddd00000030', 2026, 2, 0),
  ('11111111-1111-1111-1111-dddd00000030', 2026, 3, 0),
  ('11111111-1111-1111-1111-dddd00000030', 2026, 4, 0),
  ('11111111-1111-1111-1111-dddd00000030', 2026, 5, 0),
  ('11111111-1111-1111-1111-dddd00000030', 2026, 6, 0),
  ('11111111-1111-1111-1111-dddd00000030', 2026, 7, 0),
  ('11111111-1111-1111-1111-dddd00000030', 2026, 8, 0),
  ('11111111-1111-1111-1111-dddd00000030', 2026, 9, 0),
  ('11111111-1111-1111-1111-dddd00000030', 2026, 10, 0),
  ('11111111-1111-1111-1111-dddd00000030', 2026, 11, 0),
  ('11111111-1111-1111-1111-dddd00000030', 2026, 12, 0),
  ('11111111-1111-1111-1111-dddd00000031', 2026, 1, 0),
  ('11111111-1111-1111-1111-dddd00000031', 2026, 2, 0),
  ('11111111-1111-1111-1111-dddd00000031', 2026, 3, 0),
  ('11111111-1111-1111-1111-dddd00000031', 2026, 4, 0),
  ('11111111-1111-1111-1111-dddd00000031', 2026, 5, 0),
  ('11111111-1111-1111-1111-dddd00000031', 2026, 6, 0),
  ('11111111-1111-1111-1111-dddd00000031', 2026, 7, 0),
  ('11111111-1111-1111-1111-dddd00000031', 2026, 8, 0),
  ('11111111-1111-1111-1111-dddd00000031', 2026, 9, 0),
  ('11111111-1111-1111-1111-dddd00000031', 2026, 10, 0),
  ('11111111-1111-1111-1111-dddd00000031', 2026, 11, 0),
  ('11111111-1111-1111-1111-dddd00000031', 2026, 12, 0),
  ('11111111-1111-1111-1111-dddd00000032', 2026, 1, 0),
  ('11111111-1111-1111-1111-dddd00000032', 2026, 2, 0),
  ('11111111-1111-1111-1111-dddd00000032', 2026, 3, 0),
  ('11111111-1111-1111-1111-dddd00000032', 2026, 4, 0),
  ('11111111-1111-1111-1111-dddd00000032', 2026, 5, 0),
  ('11111111-1111-1111-1111-dddd00000032', 2026, 6, 0),
  ('11111111-1111-1111-1111-dddd00000032', 2026, 7, 0),
  ('11111111-1111-1111-1111-dddd00000032', 2026, 8, 0),
  ('11111111-1111-1111-1111-dddd00000032', 2026, 9, 0),
  ('11111111-1111-1111-1111-dddd00000032', 2026, 10, 0),
  ('11111111-1111-1111-1111-dddd00000032', 2026, 11, 0),
  ('11111111-1111-1111-1111-dddd00000032', 2026, 12, 0),
  ('11111111-1111-1111-1111-dddd00000033', 2026, 1, 0),
  ('11111111-1111-1111-1111-dddd00000033', 2026, 2, 0),
  ('11111111-1111-1111-1111-dddd00000033', 2026, 3, 0),
  ('11111111-1111-1111-1111-dddd00000033', 2026, 4, 0),
  ('11111111-1111-1111-1111-dddd00000033', 2026, 5, 0),
  ('11111111-1111-1111-1111-dddd00000033', 2026, 6, 0),
  ('11111111-1111-1111-1111-dddd00000033', 2026, 7, 0),
  ('11111111-1111-1111-1111-dddd00000033', 2026, 8, 0),
  ('11111111-1111-1111-1111-dddd00000033', 2026, 9, 0),
  ('11111111-1111-1111-1111-dddd00000033', 2026, 10, 0),
  ('11111111-1111-1111-1111-dddd00000033', 2026, 11, 0),
  ('11111111-1111-1111-1111-dddd00000033', 2026, 12, 0),
  ('11111111-1111-1111-1111-dddd00000034', 2026, 1, 0),
  ('11111111-1111-1111-1111-dddd00000034', 2026, 2, 0),
  ('11111111-1111-1111-1111-dddd00000034', 2026, 3, 0),
  ('11111111-1111-1111-1111-dddd00000034', 2026, 4, 0),
  ('11111111-1111-1111-1111-dddd00000034', 2026, 5, 0),
  ('11111111-1111-1111-1111-dddd00000034', 2026, 6, 0),
  ('11111111-1111-1111-1111-dddd00000034', 2026, 7, 0),
  ('11111111-1111-1111-1111-dddd00000034', 2026, 8, 0),
  ('11111111-1111-1111-1111-dddd00000034', 2026, 9, 0),
  ('11111111-1111-1111-1111-dddd00000034', 2026, 10, 0),
  ('11111111-1111-1111-1111-dddd00000034', 2026, 11, 0),
  ('11111111-1111-1111-1111-dddd00000034', 2026, 12, 0),
  ('11111111-1111-1111-1111-dddd00000035', 2026, 1, 0),
  ('11111111-1111-1111-1111-dddd00000035', 2026, 2, 0),
  ('11111111-1111-1111-1111-dddd00000035', 2026, 3, 0),
  ('11111111-1111-1111-1111-dddd00000035', 2026, 4, 0),
  ('11111111-1111-1111-1111-dddd00000035', 2026, 5, 0),
  ('11111111-1111-1111-1111-dddd00000035', 2026, 6, 0),
  ('11111111-1111-1111-1111-dddd00000035', 2026, 7, 0),
  ('11111111-1111-1111-1111-dddd00000035', 2026, 8, 0),
  ('11111111-1111-1111-1111-dddd00000035', 2026, 9, 0),
  ('11111111-1111-1111-1111-dddd00000035', 2026, 10, 0),
  ('11111111-1111-1111-1111-dddd00000035', 2026, 11, 0),
  ('11111111-1111-1111-1111-dddd00000035', 2026, 12, 0),
  ('11111111-1111-1111-1111-dddd00000036', 2026, 1, 0),
  ('11111111-1111-1111-1111-dddd00000036', 2026, 2, 0),
  ('11111111-1111-1111-1111-dddd00000036', 2026, 3, 0),
  ('11111111-1111-1111-1111-dddd00000036', 2026, 4, 0),
  ('11111111-1111-1111-1111-dddd00000036', 2026, 5, 0),
  ('11111111-1111-1111-1111-dddd00000036', 2026, 6, 0),
  ('11111111-1111-1111-1111-dddd00000036', 2026, 7, 0),
  ('11111111-1111-1111-1111-dddd00000036', 2026, 8, 0),
  ('11111111-1111-1111-1111-dddd00000036', 2026, 9, 0),
  ('11111111-1111-1111-1111-dddd00000036', 2026, 10, 0),
  ('11111111-1111-1111-1111-dddd00000036', 2026, 11, 0),
  ('11111111-1111-1111-1111-dddd00000036', 2026, 12, 0),
  ('11111111-1111-1111-1111-dddd00000037', 2026, 1, 0),
  ('11111111-1111-1111-1111-dddd00000037', 2026, 2, 0),
  ('11111111-1111-1111-1111-dddd00000037', 2026, 3, 0),
  ('11111111-1111-1111-1111-dddd00000037', 2026, 4, 0),
  ('11111111-1111-1111-1111-dddd00000037', 2026, 5, 0),
  ('11111111-1111-1111-1111-dddd00000037', 2026, 6, 0),
  ('11111111-1111-1111-1111-dddd00000037', 2026, 7, 0),
  ('11111111-1111-1111-1111-dddd00000037', 2026, 8, 0),
  ('11111111-1111-1111-1111-dddd00000037', 2026, 9, 0),
  ('11111111-1111-1111-1111-dddd00000037', 2026, 10, 0),
  ('11111111-1111-1111-1111-dddd00000037', 2026, 11, 0),
  ('11111111-1111-1111-1111-dddd00000037', 2026, 12, 0),
  ('11111111-1111-1111-1111-dddd00000038', 2026, 1, 0),
  ('11111111-1111-1111-1111-dddd00000038', 2026, 2, 0),
  ('11111111-1111-1111-1111-dddd00000038', 2026, 3, 0),
  ('11111111-1111-1111-1111-dddd00000038', 2026, 4, 0),
  ('11111111-1111-1111-1111-dddd00000038', 2026, 5, 0),
  ('11111111-1111-1111-1111-dddd00000038', 2026, 6, 0),
  ('11111111-1111-1111-1111-dddd00000038', 2026, 7, 0),
  ('11111111-1111-1111-1111-dddd00000038', 2026, 8, 0),
  ('11111111-1111-1111-1111-dddd00000038', 2026, 9, 0),
  ('11111111-1111-1111-1111-dddd00000038', 2026, 10, 0),
  ('11111111-1111-1111-1111-dddd00000038', 2026, 11, 0),
  ('11111111-1111-1111-1111-dddd00000038', 2026, 12, 0),
  ('11111111-1111-1111-1111-dddd00000039', 2026, 1, 0),
  ('11111111-1111-1111-1111-dddd00000039', 2026, 2, 0),
  ('11111111-1111-1111-1111-dddd00000039', 2026, 3, 0),
  ('11111111-1111-1111-1111-dddd00000039', 2026, 4, 0),
  ('11111111-1111-1111-1111-dddd00000039', 2026, 5, 0),
  ('11111111-1111-1111-1111-dddd00000039', 2026, 6, 0),
  ('11111111-1111-1111-1111-dddd00000039', 2026, 7, 0),
  ('11111111-1111-1111-1111-dddd00000039', 2026, 8, 0),
  ('11111111-1111-1111-1111-dddd00000039', 2026, 9, 0),
  ('11111111-1111-1111-1111-dddd00000039', 2026, 10, 0),
  ('11111111-1111-1111-1111-dddd00000039', 2026, 11, 0),
  ('11111111-1111-1111-1111-dddd00000039', 2026, 12, 0),
  ('11111111-1111-1111-1111-dddd0000003a', 2026, 1, 0),
  ('11111111-1111-1111-1111-dddd0000003a', 2026, 2, 0),
  ('11111111-1111-1111-1111-dddd0000003a', 2026, 3, 0),
  ('11111111-1111-1111-1111-dddd0000003a', 2026, 4, 0),
  ('11111111-1111-1111-1111-dddd0000003a', 2026, 5, 0),
  ('11111111-1111-1111-1111-dddd0000003a', 2026, 6, 0),
  ('11111111-1111-1111-1111-dddd0000003a', 2026, 7, 0),
  ('11111111-1111-1111-1111-dddd0000003a', 2026, 8, 0),
  ('11111111-1111-1111-1111-dddd0000003a', 2026, 9, 0),
  ('11111111-1111-1111-1111-dddd0000003a', 2026, 10, 0),
  ('11111111-1111-1111-1111-dddd0000003a', 2026, 11, 0),
  ('11111111-1111-1111-1111-dddd0000003a', 2026, 12, 0),
  ('11111111-1111-1111-1111-dddd0000003b', 2026, 1, 0),
  ('11111111-1111-1111-1111-dddd0000003b', 2026, 2, 0),
  ('11111111-1111-1111-1111-dddd0000003b', 2026, 3, 0),
  ('11111111-1111-1111-1111-dddd0000003b', 2026, 4, 0),
  ('11111111-1111-1111-1111-dddd0000003b', 2026, 5, 0),
  ('11111111-1111-1111-1111-dddd0000003b', 2026, 6, 0),
  ('11111111-1111-1111-1111-dddd0000003b', 2026, 7, 0),
  ('11111111-1111-1111-1111-dddd0000003b', 2026, 8, 0),
  ('11111111-1111-1111-1111-dddd0000003b', 2026, 9, 0),
  ('11111111-1111-1111-1111-dddd0000003b', 2026, 10, 0),
  ('11111111-1111-1111-1111-dddd0000003b', 2026, 11, 0),
  ('11111111-1111-1111-1111-dddd0000003b', 2026, 12, 0),
  ('11111111-1111-1111-1111-dddd0000003c', 2026, 1, 0),
  ('11111111-1111-1111-1111-dddd0000003c', 2026, 2, 0),
  ('11111111-1111-1111-1111-dddd0000003c', 2026, 3, 0),
  ('11111111-1111-1111-1111-dddd0000003c', 2026, 4, 0),
  ('11111111-1111-1111-1111-dddd0000003c', 2026, 5, 0),
  ('11111111-1111-1111-1111-dddd0000003c', 2026, 6, 0),
  ('11111111-1111-1111-1111-dddd0000003c', 2026, 7, 0),
  ('11111111-1111-1111-1111-dddd0000003c', 2026, 8, 0),
  ('11111111-1111-1111-1111-dddd0000003c', 2026, 9, 0),
  ('11111111-1111-1111-1111-dddd0000003c', 2026, 10, 0),
  ('11111111-1111-1111-1111-dddd0000003c', 2026, 11, 0),
  ('11111111-1111-1111-1111-dddd0000003c', 2026, 12, 0),
  ('11111111-1111-1111-1111-dddd0000003d', 2026, 1, 0),
  ('11111111-1111-1111-1111-dddd0000003d', 2026, 2, 0),
  ('11111111-1111-1111-1111-dddd0000003d', 2026, 3, 0),
  ('11111111-1111-1111-1111-dddd0000003d', 2026, 4, 0),
  ('11111111-1111-1111-1111-dddd0000003d', 2026, 5, 0),
  ('11111111-1111-1111-1111-dddd0000003d', 2026, 6, 0),
  ('11111111-1111-1111-1111-dddd0000003d', 2026, 7, 0),
  ('11111111-1111-1111-1111-dddd0000003d', 2026, 8, 0),
  ('11111111-1111-1111-1111-dddd0000003d', 2026, 9, 0),
  ('11111111-1111-1111-1111-dddd0000003d', 2026, 10, 0),
  ('11111111-1111-1111-1111-dddd0000003d', 2026, 11, 0),
  ('11111111-1111-1111-1111-dddd0000003d', 2026, 12, 0),
  ('11111111-1111-1111-1111-dddd0000003e', 2026, 1, 0),
  ('11111111-1111-1111-1111-dddd0000003e', 2026, 2, 0),
  ('11111111-1111-1111-1111-dddd0000003e', 2026, 3, 0),
  ('11111111-1111-1111-1111-dddd0000003e', 2026, 4, 0),
  ('11111111-1111-1111-1111-dddd0000003e', 2026, 5, 0),
  ('11111111-1111-1111-1111-dddd0000003e', 2026, 6, 0),
  ('11111111-1111-1111-1111-dddd0000003e', 2026, 7, 0),
  ('11111111-1111-1111-1111-dddd0000003e', 2026, 8, 0),
  ('11111111-1111-1111-1111-dddd0000003e', 2026, 9, 0),
  ('11111111-1111-1111-1111-dddd0000003e', 2026, 10, 0),
  ('11111111-1111-1111-1111-dddd0000003e', 2026, 11, 0),
  ('11111111-1111-1111-1111-dddd0000003e', 2026, 12, 0),
  ('11111111-1111-1111-1111-dddd0000003f', 2026, 1, 0),
  ('11111111-1111-1111-1111-dddd0000003f', 2026, 2, 0),
  ('11111111-1111-1111-1111-dddd0000003f', 2026, 3, 0),
  ('11111111-1111-1111-1111-dddd0000003f', 2026, 4, 0),
  ('11111111-1111-1111-1111-dddd0000003f', 2026, 5, 0),
  ('11111111-1111-1111-1111-dddd0000003f', 2026, 6, 0),
  ('11111111-1111-1111-1111-dddd0000003f', 2026, 7, 0),
  ('11111111-1111-1111-1111-dddd0000003f', 2026, 8, 0),
  ('11111111-1111-1111-1111-dddd0000003f', 2026, 9, 0),
  ('11111111-1111-1111-1111-dddd0000003f', 2026, 10, 0),
  ('11111111-1111-1111-1111-dddd0000003f', 2026, 11, 0),
  ('11111111-1111-1111-1111-dddd0000003f', 2026, 12, 0),
  ('11111111-1111-1111-1111-dddd00000040', 2026, 1, 0),
  ('11111111-1111-1111-1111-dddd00000040', 2026, 2, 0),
  ('11111111-1111-1111-1111-dddd00000040', 2026, 3, 0),
  ('11111111-1111-1111-1111-dddd00000040', 2026, 4, 0),
  ('11111111-1111-1111-1111-dddd00000040', 2026, 5, 0),
  ('11111111-1111-1111-1111-dddd00000040', 2026, 6, 0),
  ('11111111-1111-1111-1111-dddd00000040', 2026, 7, 0),
  ('11111111-1111-1111-1111-dddd00000040', 2026, 8, 0),
  ('11111111-1111-1111-1111-dddd00000040', 2026, 9, 0),
  ('11111111-1111-1111-1111-dddd00000040', 2026, 10, 0),
  ('11111111-1111-1111-1111-dddd00000040', 2026, 11, 0),
  ('11111111-1111-1111-1111-dddd00000040', 2026, 12, 0),
  ('11111111-1111-1111-1111-dddd00000041', 2026, 1, 0),
  ('11111111-1111-1111-1111-dddd00000041', 2026, 2, 0),
  ('11111111-1111-1111-1111-dddd00000041', 2026, 3, 0),
  ('11111111-1111-1111-1111-dddd00000041', 2026, 4, 0),
  ('11111111-1111-1111-1111-dddd00000041', 2026, 5, 0),
  ('11111111-1111-1111-1111-dddd00000041', 2026, 6, 0),
  ('11111111-1111-1111-1111-dddd00000041', 2026, 7, 0),
  ('11111111-1111-1111-1111-dddd00000041', 2026, 8, 0),
  ('11111111-1111-1111-1111-dddd00000041', 2026, 9, 0),
  ('11111111-1111-1111-1111-dddd00000041', 2026, 10, 0),
  ('11111111-1111-1111-1111-dddd00000041', 2026, 11, 0),
  ('11111111-1111-1111-1111-dddd00000041', 2026, 12, 0),
  ('11111111-1111-1111-1111-dddd00000042', 2026, 1, 0),
  ('11111111-1111-1111-1111-dddd00000042', 2026, 2, 0),
  ('11111111-1111-1111-1111-dddd00000042', 2026, 3, 0),
  ('11111111-1111-1111-1111-dddd00000042', 2026, 4, 0),
  ('11111111-1111-1111-1111-dddd00000042', 2026, 5, 0),
  ('11111111-1111-1111-1111-dddd00000042', 2026, 6, 0),
  ('11111111-1111-1111-1111-dddd00000042', 2026, 7, 0),
  ('11111111-1111-1111-1111-dddd00000042', 2026, 8, 0),
  ('11111111-1111-1111-1111-dddd00000042', 2026, 9, 0),
  ('11111111-1111-1111-1111-dddd00000042', 2026, 10, 0),
  ('11111111-1111-1111-1111-dddd00000042', 2026, 11, 0),
  ('11111111-1111-1111-1111-dddd00000042', 2026, 12, 0),
  ('11111111-1111-1111-1111-dddd00000043', 2026, 1, 0),
  ('11111111-1111-1111-1111-dddd00000043', 2026, 2, 0),
  ('11111111-1111-1111-1111-dddd00000043', 2026, 3, 0),
  ('11111111-1111-1111-1111-dddd00000043', 2026, 4, 0),
  ('11111111-1111-1111-1111-dddd00000043', 2026, 5, 0),
  ('11111111-1111-1111-1111-dddd00000043', 2026, 6, 0),
  ('11111111-1111-1111-1111-dddd00000043', 2026, 7, 0),
  ('11111111-1111-1111-1111-dddd00000043', 2026, 8, 0),
  ('11111111-1111-1111-1111-dddd00000043', 2026, 9, 0),
  ('11111111-1111-1111-1111-dddd00000043', 2026, 10, 0),
  ('11111111-1111-1111-1111-dddd00000043', 2026, 11, 0),
  ('11111111-1111-1111-1111-dddd00000043', 2026, 12, 0),
  ('11111111-1111-1111-1111-dddd00000044', 2026, 1, 0),
  ('11111111-1111-1111-1111-dddd00000044', 2026, 2, 0),
  ('11111111-1111-1111-1111-dddd00000044', 2026, 3, 0),
  ('11111111-1111-1111-1111-dddd00000044', 2026, 4, 0),
  ('11111111-1111-1111-1111-dddd00000044', 2026, 5, 0),
  ('11111111-1111-1111-1111-dddd00000044', 2026, 6, 0),
  ('11111111-1111-1111-1111-dddd00000044', 2026, 7, 0),
  ('11111111-1111-1111-1111-dddd00000044', 2026, 8, 0),
  ('11111111-1111-1111-1111-dddd00000044', 2026, 9, 0),
  ('11111111-1111-1111-1111-dddd00000044', 2026, 10, 0),
  ('11111111-1111-1111-1111-dddd00000044', 2026, 11, 0),
  ('11111111-1111-1111-1111-dddd00000044', 2026, 12, 0),
  ('11111111-1111-1111-1111-dddd00000045', 2026, 1, 0),
  ('11111111-1111-1111-1111-dddd00000045', 2026, 2, 0),
  ('11111111-1111-1111-1111-dddd00000045', 2026, 3, 0),
  ('11111111-1111-1111-1111-dddd00000045', 2026, 4, 0),
  ('11111111-1111-1111-1111-dddd00000045', 2026, 5, 0),
  ('11111111-1111-1111-1111-dddd00000045', 2026, 6, 0),
  ('11111111-1111-1111-1111-dddd00000045', 2026, 7, 0),
  ('11111111-1111-1111-1111-dddd00000045', 2026, 8, 0),
  ('11111111-1111-1111-1111-dddd00000045', 2026, 9, 0),
  ('11111111-1111-1111-1111-dddd00000045', 2026, 10, 0),
  ('11111111-1111-1111-1111-dddd00000045', 2026, 11, 0),
  ('11111111-1111-1111-1111-dddd00000045', 2026, 12, 0);

-- Rep Targets (total revenue per rep per month)
INSERT INTO rep_targets (rep_id, fiscal_year, month, target_revenue) VALUES
  ('11111111-1111-1111-1111-aaaa00000012', 2026, 1, 6893.4),
  ('11111111-1111-1111-1111-aaaa00000012', 2026, 2, 6072.0),
  ('11111111-1111-1111-1111-aaaa00000012', 2026, 3, 17007.09),
  ('11111111-1111-1111-1111-aaaa00000012', 2026, 4, 14806.97),
  ('11111111-1111-1111-1111-aaaa00000012', 2026, 5, 19930.11),
  ('11111111-1111-1111-1111-aaaa00000012', 2026, 6, 17260.29),
  ('11111111-1111-1111-1111-aaaa00000012', 2026, 7, 27181.37),
  ('11111111-1111-1111-1111-aaaa00000012', 2026, 8, 34377.6),
  ('11111111-1111-1111-1111-aaaa00000012', 2026, 9, 23154.86),
  ('11111111-1111-1111-1111-aaaa00000012', 2026, 10, 24264.69),
  ('11111111-1111-1111-1111-aaaa00000012', 2026, 11, 31977.26),
  ('11111111-1111-1111-1111-aaaa00000012', 2026, 12, 29007.43),
  ('11111111-1111-1111-1111-aaaa00000016', 2026, 1, 98680.0),
  ('11111111-1111-1111-1111-aaaa00000016', 2026, 2, 79008.0),
  ('11111111-1111-1111-1111-aaaa00000016', 2026, 3, 116688.0),
  ('11111111-1111-1111-1111-aaaa00000016', 2026, 4, 159076.0),
  ('11111111-1111-1111-1111-aaaa00000016', 2026, 5, 160466.0),
  ('11111111-1111-1111-1111-aaaa00000016', 2026, 6, 312190.0),
  ('11111111-1111-1111-1111-aaaa00000016', 2026, 7, 242088.0),
  ('11111111-1111-1111-1111-aaaa00000016', 2026, 8, 228448.0),
  ('11111111-1111-1111-1111-aaaa00000016', 2026, 9, 489000.0),
  ('11111111-1111-1111-1111-aaaa00000016', 2026, 10, 318216.0),
  ('11111111-1111-1111-1111-aaaa00000016', 2026, 11, 272616.0),
  ('11111111-1111-1111-1111-aaaa00000016', 2026, 12, 532215.0),
  ('11111111-1111-1111-1111-aaaa00000013', 2026, 1, 82973.65),
  ('11111111-1111-1111-1111-aaaa00000013', 2026, 2, 44243.33),
  ('11111111-1111-1111-1111-aaaa00000013', 2026, 3, 69349.85),
  ('11111111-1111-1111-1111-aaaa00000013', 2026, 4, 91139.69),
  ('11111111-1111-1111-1111-aaaa00000013', 2026, 5, 126803.73),
  ('11111111-1111-1111-1111-aaaa00000013', 2026, 6, 76689.8),
  ('11111111-1111-1111-1111-aaaa00000013', 2026, 7, 84595.84),
  ('11111111-1111-1111-1111-aaaa00000013', 2026, 8, 79450.9),
  ('11111111-1111-1111-1111-aaaa00000013', 2026, 9, 72494.12),
  ('11111111-1111-1111-1111-aaaa00000013', 2026, 10, 126520.79),
  ('11111111-1111-1111-1111-aaaa00000013', 2026, 11, 73311.84),
  ('11111111-1111-1111-1111-aaaa00000013', 2026, 12, 107094.51),
  ('11111111-1111-1111-1111-aaaa00000007', 2026, 1, 282642.01),
  ('11111111-1111-1111-1111-aaaa00000007', 2026, 2, 277036.77),
  ('11111111-1111-1111-1111-aaaa00000007', 2026, 3, 260031.12),
  ('11111111-1111-1111-1111-aaaa00000007', 2026, 4, 301421.83),
  ('11111111-1111-1111-1111-aaaa00000007', 2026, 5, 437956.0),
  ('11111111-1111-1111-1111-aaaa00000007', 2026, 6, 357997.98),
  ('11111111-1111-1111-1111-aaaa00000007', 2026, 7, 298004.37),
  ('11111111-1111-1111-1111-aaaa00000007', 2026, 8, 336232.69),
  ('11111111-1111-1111-1111-aaaa00000007', 2026, 9, 270864.24),
  ('11111111-1111-1111-1111-aaaa00000007', 2026, 10, 413586.11),
  ('11111111-1111-1111-1111-aaaa00000007', 2026, 11, 313748.3),
  ('11111111-1111-1111-1111-aaaa00000007', 2026, 12, 444592.69),
  ('11111111-1111-1111-1111-aaaa00000009', 2026, 1, 63690.2),
  ('11111111-1111-1111-1111-aaaa00000009', 2026, 2, 56473.8),
  ('11111111-1111-1111-1111-aaaa00000009', 2026, 3, 93460.08),
  ('11111111-1111-1111-1111-aaaa00000009', 2026, 4, 109671.0),
  ('11111111-1111-1111-1111-aaaa00000009', 2026, 5, 114261.0),
  ('11111111-1111-1111-1111-aaaa00000009', 2026, 6, 101597.4),
  ('11111111-1111-1111-1111-aaaa00000009', 2026, 7, 127145.4),
  ('11111111-1111-1111-1111-aaaa00000009', 2026, 8, 114552.0),
  ('11111111-1111-1111-1111-aaaa00000009', 2026, 9, 127660.2),
  ('11111111-1111-1111-1111-aaaa00000009', 2026, 10, 141546.0),
  ('11111111-1111-1111-1111-aaaa00000009', 2026, 11, 121176.0),
  ('11111111-1111-1111-1111-aaaa00000009', 2026, 12, 216543.0),
  ('11111111-1111-1111-1111-aaaa0000000a', 2026, 1, 127380.4),
  ('11111111-1111-1111-1111-aaaa0000000a', 2026, 2, 112947.6),
  ('11111111-1111-1111-1111-aaaa0000000a', 2026, 3, 186920.16),
  ('11111111-1111-1111-1111-aaaa0000000a', 2026, 4, 219342.0),
  ('11111111-1111-1111-1111-aaaa0000000a', 2026, 5, 228522.0),
  ('11111111-1111-1111-1111-aaaa0000000a', 2026, 6, 203194.8),
  ('11111111-1111-1111-1111-aaaa0000000a', 2026, 7, 254290.8),
  ('11111111-1111-1111-1111-aaaa0000000a', 2026, 8, 229104.0),
  ('11111111-1111-1111-1111-aaaa0000000a', 2026, 9, 255320.4),
  ('11111111-1111-1111-1111-aaaa0000000a', 2026, 10, 283092.0),
  ('11111111-1111-1111-1111-aaaa0000000a', 2026, 11, 242352.0),
  ('11111111-1111-1111-1111-aaaa0000000a', 2026, 12, 433086.0),
  ('11111111-1111-1111-1111-aaaa00000005', 2026, 1, 47245.39),
  ('11111111-1111-1111-1111-aaaa00000005', 2026, 2, 64241.85),
  ('11111111-1111-1111-1111-aaaa00000005', 2026, 3, 44319.8),
  ('11111111-1111-1111-1111-aaaa00000005', 2026, 4, 83728.35),
  ('11111111-1111-1111-1111-aaaa00000005', 2026, 5, 101372.98),
  ('11111111-1111-1111-1111-aaaa00000005', 2026, 6, 118282.38),
  ('11111111-1111-1111-1111-aaaa00000005', 2026, 7, 74015.77),
  ('11111111-1111-1111-1111-aaaa00000005', 2026, 8, 83732.67),
  ('11111111-1111-1111-1111-aaaa00000005', 2026, 9, 91251.15),
  ('11111111-1111-1111-1111-aaaa00000005', 2026, 10, 91908.51),
  ('11111111-1111-1111-1111-aaaa00000005', 2026, 11, 117501.82),
  ('11111111-1111-1111-1111-aaaa00000005', 2026, 12, 130207.43),
  ('11111111-1111-1111-1111-aaaa0000000e', 2026, 1, 70868.08),
  ('11111111-1111-1111-1111-aaaa0000000e', 2026, 2, 96362.77),
  ('11111111-1111-1111-1111-aaaa0000000e', 2026, 3, 66479.69),
  ('11111111-1111-1111-1111-aaaa0000000e', 2026, 4, 125592.52),
  ('11111111-1111-1111-1111-aaaa0000000e', 2026, 5, 152059.48),
  ('11111111-1111-1111-1111-aaaa0000000e', 2026, 6, 177423.57),
  ('11111111-1111-1111-1111-aaaa0000000e', 2026, 7, 111023.66),
  ('11111111-1111-1111-1111-aaaa0000000e', 2026, 8, 125599.01),
  ('11111111-1111-1111-1111-aaaa0000000e', 2026, 9, 136876.73),
  ('11111111-1111-1111-1111-aaaa0000000e', 2026, 10, 137862.77),
  ('11111111-1111-1111-1111-aaaa0000000e', 2026, 11, 176252.73),
  ('11111111-1111-1111-1111-aaaa0000000e', 2026, 12, 195311.15),
  ('11111111-1111-1111-1111-aaaa0000000b', 2026, 1, 15164.33),
  ('11111111-1111-1111-1111-aaaa0000000b', 2026, 2, 13446.14),
  ('11111111-1111-1111-1111-aaaa0000000b', 2026, 3, 22252.4),
  ('11111111-1111-1111-1111-aaaa0000000b', 2026, 4, 26112.14),
  ('11111111-1111-1111-1111-aaaa0000000b', 2026, 5, 27205.0),
  ('11111111-1111-1111-1111-aaaa0000000b', 2026, 6, 24189.86),
  ('11111111-1111-1111-1111-aaaa0000000b', 2026, 7, 30272.71),
  ('11111111-1111-1111-1111-aaaa0000000b', 2026, 8, 27274.29),
  ('11111111-1111-1111-1111-aaaa0000000b', 2026, 9, 30395.29),
  ('11111111-1111-1111-1111-aaaa0000000b', 2026, 10, 33701.43),
  ('11111111-1111-1111-1111-aaaa0000000b', 2026, 11, 28851.43),
  ('11111111-1111-1111-1111-aaaa0000000b', 2026, 12, 51557.86),
  ('11111111-1111-1111-1111-aaaa00000014', 2026, 1, 42550.59),
  ('11111111-1111-1111-1111-aaaa00000014', 2026, 2, 22688.89),
  ('11111111-1111-1111-1111-aaaa00000014', 2026, 3, 35564.03),
  ('11111111-1111-1111-1111-aaaa00000014', 2026, 4, 46738.3),
  ('11111111-1111-1111-1111-aaaa00000014', 2026, 5, 65027.56),
  ('11111111-1111-1111-1111-aaaa00000014', 2026, 6, 39328.1),
  ('11111111-1111-1111-1111-aaaa00000014', 2026, 7, 43382.48),
  ('11111111-1111-1111-1111-aaaa00000014', 2026, 8, 40744.05),
  ('11111111-1111-1111-1111-aaaa00000014', 2026, 9, 37176.47),
  ('11111111-1111-1111-1111-aaaa00000014', 2026, 10, 64882.46),
  ('11111111-1111-1111-1111-aaaa00000014', 2026, 11, 37595.82),
  ('11111111-1111-1111-1111-aaaa00000014', 2026, 12, 54920.26),
  ('11111111-1111-1111-1111-aaaa00000011', 2026, 1, 16084.6),
  ('11111111-1111-1111-1111-aaaa00000011', 2026, 2, 14168.0),
  ('11111111-1111-1111-1111-aaaa00000011', 2026, 3, 39683.2),
  ('11111111-1111-1111-1111-aaaa00000011', 2026, 4, 34549.6),
  ('11111111-1111-1111-1111-aaaa00000011', 2026, 5, 46503.6),
  ('11111111-1111-1111-1111-aaaa00000011', 2026, 6, 40274.0),
  ('11111111-1111-1111-1111-aaaa00000011', 2026, 7, 63423.2),
  ('11111111-1111-1111-1111-aaaa00000011', 2026, 8, 80214.4),
  ('11111111-1111-1111-1111-aaaa00000011', 2026, 9, 54028.0),
  ('11111111-1111-1111-1111-aaaa00000011', 2026, 10, 56617.6),
  ('11111111-1111-1111-1111-aaaa00000011', 2026, 11, 74613.6),
  ('11111111-1111-1111-1111-aaaa00000011', 2026, 12, 67684.0),
  ('11111111-1111-1111-1111-aaaa0000000f', 2026, 1, 37554.03),
  ('11111111-1111-1111-1111-aaaa0000000f', 2026, 2, 51064.03),
  ('11111111-1111-1111-1111-aaaa0000000f', 2026, 3, 35228.56),
  ('11111111-1111-1111-1111-aaaa0000000f', 2026, 4, 66553.3),
  ('11111111-1111-1111-1111-aaaa0000000f', 2026, 5, 80578.53),
  ('11111111-1111-1111-1111-aaaa0000000f', 2026, 6, 94019.33),
  ('11111111-1111-1111-1111-aaaa0000000f', 2026, 7, 58833.05),
  ('11111111-1111-1111-1111-aaaa0000000f', 2026, 8, 66556.74),
  ('11111111-1111-1111-1111-aaaa0000000f', 2026, 9, 72532.97),
  ('11111111-1111-1111-1111-aaaa0000000f', 2026, 10, 73055.49),
  ('11111111-1111-1111-1111-aaaa0000000f', 2026, 11, 93398.88),
  ('11111111-1111-1111-1111-aaaa0000000f', 2026, 12, 103498.22),
  ('11111111-1111-1111-1111-aaaa00000010', 2026, 1, 9388.51),
  ('11111111-1111-1111-1111-aaaa00000010', 2026, 2, 12766.01),
  ('11111111-1111-1111-1111-aaaa00000010', 2026, 3, 8807.14),
  ('11111111-1111-1111-1111-aaaa00000010', 2026, 4, 16638.33),
  ('11111111-1111-1111-1111-aaaa00000010', 2026, 5, 20144.63),
  ('11111111-1111-1111-1111-aaaa00000010', 2026, 6, 23504.83),
  ('11111111-1111-1111-1111-aaaa00000010', 2026, 7, 14708.26),
  ('11111111-1111-1111-1111-aaaa00000010', 2026, 8, 16639.18),
  ('11111111-1111-1111-1111-aaaa00000010', 2026, 9, 18133.24),
  ('11111111-1111-1111-1111-aaaa00000010', 2026, 10, 18263.87),
  ('11111111-1111-1111-1111-aaaa00000010', 2026, 11, 23349.72),
  ('11111111-1111-1111-1111-aaaa00000010', 2026, 12, 25874.55),
  ('11111111-1111-1111-1111-aaaa00000006', 2026, 1, 57445.0),
  ('11111111-1111-1111-1111-aaaa00000006', 2026, 2, 50600.0),
  ('11111111-1111-1111-1111-aaaa00000006', 2026, 3, 141725.71),
  ('11111111-1111-1111-1111-aaaa00000006', 2026, 4, 123391.43),
  ('11111111-1111-1111-1111-aaaa00000006', 2026, 5, 166084.29),
  ('11111111-1111-1111-1111-aaaa00000006', 2026, 6, 143835.71),
  ('11111111-1111-1111-1111-aaaa00000006', 2026, 7, 226511.43),
  ('11111111-1111-1111-1111-aaaa00000006', 2026, 8, 286480.0),
  ('11111111-1111-1111-1111-aaaa00000006', 2026, 9, 192957.14),
  ('11111111-1111-1111-1111-aaaa00000006', 2026, 10, 202205.71),
  ('11111111-1111-1111-1111-aaaa00000006', 2026, 11, 266477.14),
  ('11111111-1111-1111-1111-aaaa00000006', 2026, 12, 241728.57),
  ('11111111-1111-1111-1111-aaaa0000000d', 2026, 1, 15142.75),
  ('11111111-1111-1111-1111-aaaa0000000d', 2026, 2, 20590.34),
  ('11111111-1111-1111-1111-aaaa0000000d', 2026, 3, 14205.06),
  ('11111111-1111-1111-1111-aaaa0000000d', 2026, 4, 26836.01),
  ('11111111-1111-1111-1111-aaaa0000000d', 2026, 5, 32491.34),
  ('11111111-1111-1111-1111-aaaa0000000d', 2026, 6, 37911.02),
  ('11111111-1111-1111-1111-aaaa0000000d', 2026, 7, 23723.0),
  ('11111111-1111-1111-1111-aaaa0000000d', 2026, 8, 26837.39),
  ('11111111-1111-1111-1111-aaaa0000000d', 2026, 9, 29247.16),
  ('11111111-1111-1111-1111-aaaa0000000d', 2026, 10, 29457.86),
  ('11111111-1111-1111-1111-aaaa0000000d', 2026, 11, 37660.84),
  ('11111111-1111-1111-1111-aaaa0000000d', 2026, 12, 41733.15),
  ('11111111-1111-1111-1111-aaaa00000015', 2026, 1, 23957.75),
  ('11111111-1111-1111-1111-aaaa00000015', 2026, 2, 49391.01),
  ('11111111-1111-1111-1111-aaaa00000015', 2026, 3, 26921.8),
  ('11111111-1111-1111-1111-aaaa00000015', 2026, 4, 23696.18),
  ('11111111-1111-1111-1111-aaaa00000015', 2026, 5, 38355.51),
  ('11111111-1111-1111-1111-aaaa00000015', 2026, 6, 50190.11),
  ('11111111-1111-1111-1111-aaaa00000015', 2026, 7, 27277.3),
  ('11111111-1111-1111-1111-aaaa00000015', 2026, 8, 41952.36),
  ('11111111-1111-1111-1111-aaaa00000015', 2026, 9, 27865.17),
  ('11111111-1111-1111-1111-aaaa00000015', 2026, 10, 31489.44),
  ('11111111-1111-1111-1111-aaaa00000015', 2026, 11, 39724.04),
  ('11111111-1111-1111-1111-aaaa00000015', 2026, 12, 54048.54),
  ('11111111-1111-1111-1111-aaaa00000004', 2026, 1, 178939.13),
  ('11111111-1111-1111-1111-aaaa00000004', 2026, 2, 158664.49),
  ('11111111-1111-1111-1111-aaaa00000004', 2026, 3, 262578.32),
  ('11111111-1111-1111-1111-aaaa00000004', 2026, 4, 308123.29),
  ('11111111-1111-1111-1111-aaaa00000004', 2026, 5, 321019.0),
  ('11111111-1111-1111-1111-aaaa00000004', 2026, 6, 285440.31),
  ('11111111-1111-1111-1111-aaaa00000004', 2026, 7, 357218.03),
  ('11111111-1111-1111-1111-aaaa00000004', 2026, 8, 321836.57),
  ('11111111-1111-1111-1111-aaaa00000004', 2026, 9, 358664.37),
  ('11111111-1111-1111-1111-aaaa00000004', 2026, 10, 397676.86),
  ('11111111-1111-1111-1111-aaaa00000004', 2026, 11, 340446.86),
  ('11111111-1111-1111-1111-aaaa00000004', 2026, 12, 608382.71),
  ('11111111-1111-1111-1111-aaaa0000000c', 2026, 1, 251727.93),
  ('11111111-1111-1111-1111-aaaa0000000c', 2026, 2, 223205.97),
  ('11111111-1111-1111-1111-aaaa0000000c', 2026, 3, 369389.84),
  ('11111111-1111-1111-1111-aaaa0000000c', 2026, 4, 433461.57),
  ('11111111-1111-1111-1111-aaaa0000000c', 2026, 5, 451603.0),
  ('11111111-1111-1111-1111-aaaa0000000c', 2026, 6, 401551.63),
  ('11111111-1111-1111-1111-aaaa0000000c', 2026, 7, 502527.06),
  ('11111111-1111-1111-1111-aaaa0000000c', 2026, 8, 452753.14),
  ('11111111-1111-1111-1111-aaaa0000000c', 2026, 9, 504561.74),
  ('11111111-1111-1111-1111-aaaa0000000c', 2026, 10, 559443.71),
  ('11111111-1111-1111-1111-aaaa0000000c', 2026, 11, 478933.71),
  ('11111111-1111-1111-1111-aaaa0000000c', 2026, 12, 855860.43),
  ('11111111-1111-1111-1111-aaaa00000018', 2026, 1, 93028.06),
  ('11111111-1111-1111-1111-aaaa00000018', 2026, 2, 102558.56),
  ('11111111-1111-1111-1111-aaaa00000018', 2026, 3, 100592.41),
  ('11111111-1111-1111-1111-aaaa00000018', 2026, 4, 131716.43),
  ('11111111-1111-1111-1111-aaaa00000018', 2026, 5, 149976.09),
  ('11111111-1111-1111-1111-aaaa00000018', 2026, 6, 101051.96),
  ('11111111-1111-1111-1111-aaaa00000018', 2026, 7, 194871.95),
  ('11111111-1111-1111-1111-aaaa00000018', 2026, 8, 197453.36),
  ('11111111-1111-1111-1111-aaaa00000018', 2026, 9, 220142.65),
  ('11111111-1111-1111-1111-aaaa00000018', 2026, 10, 193246.86),
  ('11111111-1111-1111-1111-aaaa00000018', 2026, 11, 311350.43),
  ('11111111-1111-1111-1111-aaaa00000018', 2026, 12, 147430.62),
  ('11111111-1111-1111-1111-aaaa00000017', 2026, 1, 93028.06),
  ('11111111-1111-1111-1111-aaaa00000017', 2026, 2, 102558.56),
  ('11111111-1111-1111-1111-aaaa00000017', 2026, 3, 100592.41),
  ('11111111-1111-1111-1111-aaaa00000017', 2026, 4, 131716.43),
  ('11111111-1111-1111-1111-aaaa00000017', 2026, 5, 149976.09),
  ('11111111-1111-1111-1111-aaaa00000017', 2026, 6, 101051.96),
  ('11111111-1111-1111-1111-aaaa00000017', 2026, 7, 194871.95),
  ('11111111-1111-1111-1111-aaaa00000017', 2026, 8, 197453.36),
  ('11111111-1111-1111-1111-aaaa00000017', 2026, 9, 220142.65),
  ('11111111-1111-1111-1111-aaaa00000017', 2026, 10, 193246.86),
  ('11111111-1111-1111-1111-aaaa00000017', 2026, 11, 311350.43),
  ('11111111-1111-1111-1111-aaaa00000017', 2026, 12, 147430.62),
  ('11111111-1111-1111-1111-aaaa00000019', 2026, 1, 53158.89),
  ('11111111-1111-1111-1111-aaaa00000019', 2026, 2, 58604.89),
  ('11111111-1111-1111-1111-aaaa00000019', 2026, 3, 57481.38),
  ('11111111-1111-1111-1111-aaaa00000019', 2026, 4, 75266.53),
  ('11111111-1111-1111-1111-aaaa00000019', 2026, 5, 85700.62),
  ('11111111-1111-1111-1111-aaaa00000019', 2026, 6, 57743.98),
  ('11111111-1111-1111-1111-aaaa00000019', 2026, 7, 111355.4),
  ('11111111-1111-1111-1111-aaaa00000019', 2026, 8, 112830.49),
  ('11111111-1111-1111-1111-aaaa00000019', 2026, 9, 125795.8),
  ('11111111-1111-1111-1111-aaaa00000019', 2026, 10, 110426.78),
  ('11111111-1111-1111-1111-aaaa00000019', 2026, 11, 177914.53),
  ('11111111-1111-1111-1111-aaaa00000019', 2026, 12, 84246.07),
  ('11111111-1111-1111-1111-aaaa0000001c', 2026, 1, 27478.4),
  ('11111111-1111-1111-1111-aaaa0000001c', 2026, 2, 35306.31),
  ('11111111-1111-1111-1111-aaaa0000001c', 2026, 3, 36723.1),
  ('11111111-1111-1111-1111-aaaa0000001c', 2026, 4, 48829.11),
  ('11111111-1111-1111-1111-aaaa0000001c', 2026, 5, 52086.58),
  ('11111111-1111-1111-1111-aaaa0000001c', 2026, 6, 55334.17),
  ('11111111-1111-1111-1111-aaaa0000001c', 2026, 7, 58641.38),
  ('11111111-1111-1111-1111-aaaa0000001c', 2026, 8, 59047.62),
  ('11111111-1111-1111-1111-aaaa0000001c', 2026, 9, 60363.88),
  ('11111111-1111-1111-1111-aaaa0000001c', 2026, 10, 60823.1),
  ('11111111-1111-1111-1111-aaaa0000001c', 2026, 11, 61285.9),
  ('11111111-1111-1111-1111-aaaa0000001c', 2026, 12, 61798.75),
  ('11111111-1111-1111-1111-aaaa0000001b', 2026, 1, 82435.2),
  ('11111111-1111-1111-1111-aaaa0000001b', 2026, 2, 105918.93),
  ('11111111-1111-1111-1111-aaaa0000001b', 2026, 3, 110169.3),
  ('11111111-1111-1111-1111-aaaa0000001b', 2026, 4, 146487.32),
  ('11111111-1111-1111-1111-aaaa0000001b', 2026, 5, 156259.74),
  ('11111111-1111-1111-1111-aaaa0000001b', 2026, 6, 166002.52),
  ('11111111-1111-1111-1111-aaaa0000001b', 2026, 7, 175924.12),
  ('11111111-1111-1111-1111-aaaa0000001b', 2026, 8, 177142.88),
  ('11111111-1111-1111-1111-aaaa0000001b', 2026, 9, 181091.62),
  ('11111111-1111-1111-1111-aaaa0000001b', 2026, 10, 182469.3),
  ('11111111-1111-1111-1111-aaaa0000001b', 2026, 11, 183857.7),
  ('11111111-1111-1111-1111-aaaa0000001b', 2026, 12, 185396.25);